municipio;ano;mes;precipitacao_sum;temp_orvalho_median
BAGE;2015;1;207.4;22.3
BAGE;2015;2;87.8;21.675
BAGE;2015;3;32.4;21.3
BAGE;2015;4;21.2;18.175
BAGE;2015;5;126.2;14.75
BAGE;2015;6;207.2;13.1
BAGE;2015;7;211.4;11.3
BAGE;2015;8;106.8;16.55
BAGE;2015;9;254.4;14.325
BAGE;2015;10;392.4;15.55
BAGE;2015;11;93.4;18.6
BAGE;2015;12;239.8;20.75
BAGE;2016;1;81.6;23.4
BAGE;2016;2;114.2;23.9
BAGE;2016;3;192.8;19.05
BAGE;2016;4;338.0;19.525
BAGE;2016;5;0.0;0.0
BAGE;2016;6;0.0;0.0
BAGE;2016;7;0.0;0.0
BAGE;2016;8;95.0;13.9
BAGE;2016;9;55.0;12.15
BAGE;2016;10;119.2;16.25
BAGE;2016;11;101.2;19.75
BAGE;2016;12;78.8;22.9
BAGE;2017;1;163.4;22.85
BAGE;2017;2;97.6;22.775
BAGE;2017;3;5.0;0.0
BAGE;2017;4;147.8;17.475
BAGE;2017;5;254.6;15.4
BAGE;2017;6;118.8;12.175
BAGE;2017;7;32.6;15.3
BAGE;2017;8;165.4;13.6
BAGE;2017;9;225.0;16.025
BAGE;2017;10;245.2;17.25
BAGE;2017;11;26.8;18.425
BAGE;2017;12;53.4;23.4
BAGE;2018;1;42.8;22.75
BAGE;2018;2;57.4;22.15
BAGE;2018;3;128.8;20.2
BAGE;2018;4;92.4;20.7
BAGE;2018;5;111.0;17.05
BAGE;2018;6;67.8;9.675
BAGE;2018;7;166.6;10.3
BAGE;2018;8;206.6;10.3
BAGE;2018;9;135.4;16.7
BAGE;2018;10;61.8;17.3
BAGE;2018;11;97.4;20.175
BAGE;2018;12;102.2;21.75
BAGE;2019;1;478.0;23.3
BAGE;2019;2;46.8;22.025
BAGE;2019;3;24.8;20.35
BAGE;2019;4;86.4;18.375
BAGE;2019;5;138.0;15.55
BAGE;2019;6;29.8;15.85
BAGE;2019;7;159.6;11.15
BAGE;2019;8;105.2;12.05
BAGE;2019;9;102.0;13.625
BAGE;2019;10;397.4;17.9
BAGE;2019;11;103.2;20.175
BAGE;2019;12;44.6;21.65
BAGE;2020;1;105.8;17.05
BAGE;2020;2;40.2;16.0
BAGE;2020;3;21.4;16.5
BAGE;2020;4;83.0;11.525
BAGE;2020;5;162.6;9.1
BAGE;2020;6;188.0;11.45
BAGE;2020;7;54.2;6.7
BAGE;2020;8;78.0;11.25
BAGE;2020;9;104.6;10.7
BAGE;2020;10;77.6;12.1
BAGE;2020;11;27.0;14.4
BAGE;2020;12;89.6;15.575
BAGE;2021;1;145.4;18.5
BAGE;2021;2;213.6;17.475
BAGE;2021;3;112.4;17.45
BAGE;2021;4;24.8;14.975
BAGE;2021;5;60.2;8.05
BAGE;2021;6;140.6;9.175
BAGE;2021;7;31.4;7.65
BAGE;2021;8;100.0;11.25
BAGE;2021;9;205.0;12.675
BAGE;2021;10;59.2;11.2
BAGE;2021;11;26.4;12.425
BAGE;2021;12;49.0;14.95
BAGE;2022;1;91.2;18.3
BAGE;2022;2;141.4;16.025
BAGE;2022;3;90.4;15.3
BAGE;2022;4;199.8;14.1
BAGE;2022;5;62.0;10.45
BAGE;2022;6;86.4;8.675
BAGE;2022;7;189.2;12.225
BAGE;2022;8;163.6;8.55
BAGE;2022;9;69.4;10.125
BAGE;2022;10;139.0;12.4
BAGE;2022;11;45.0;12.625
BAGE;2022;12;59.2;15.5
BAGE;2023;1;34.0;17.35
BAGE;2023;2;67.8;16.375
BAGE;2023;3;160.4;19.6
BAGE;2023;4;31.0;13.225
BAGE;2023;5;146.6;13.05
BAGE;2023;6;81.0;12.2
BAGE;2023;7;205.6;10.7
BAGE;2023;8;96.8;9.6
BAGE;2023;9;392.2;12.225
BAGE;2023;10;63.0;12.1
BAGE;2023;11;290.4;15.075
BAGE;2023;12;228.8;17.85
BAGE;2024;1;81.0;17.5
BAGE;2024;2;106.2;20.05
BAGE;2024;3;119.2;18.0
BAGE;2024;4;219.2;16.225
BAGE;2024;5;290.0;10.25
BAGE;2024;6;60.0;14.175
BAGE;2024;7;46.8;8.85
BAGE;2024;8;208.6;10.95
BAGE;2024;9;269.6;13.25
BAGE;2024;10;234.8;14.2
BAGE;2024;11;91.2;16.75
BAGE;2024;12;151.4;14.65
BAGE;2025;1;48.0;17.5
BAGE;2025;2;152.8;19.4
BAGE;2025;3;47.2;16.7
BAGE;2025;4;80.4;12.925
BAGE;2025;5;126.8;13.7
BAGE;2025;6;103.4;6.875
BAGE;2025;7;106.0;8.3
BAGE;2025;8;9.2;5.25
BAGE;2025;9;44.4;8.375
BAGE;2025;10;39.4;12.85
BAGE;2025;11;79.2;12.2
BAGE;2025;12;139.0;17.55
BENTO GONCALVES;2015;1;135.2;21.55
BENTO GONCALVES;2015;2;130.4;20.85
BENTO GONCALVES;2015;3;55.6;20.2
BENTO GONCALVES;2015;4;136.6;17.65
BENTO GONCALVES;2015;5;115.0;15.9
BENTO GONCALVES;2015;6;213.0;13.0
BENTO GONCALVES;2015;7;163.6;0.0
BENTO GONCALVES;2015;8;0.0;0.0
BENTO GONCALVES;2015;9;0.0;0.0
BENTO GONCALVES;2015;10;256.0;15.5
BENTO GONCALVES;2015;11;144.8;18.25
BENTO GONCALVES;2015;12;197.8;20.65
BENTO GONCALVES;2016;1;114.8;22.05
BENTO GONCALVES;2016;2;146.4;22.15
BENTO GONCALVES;2016;3;243.4;18.65
BENTO GONCALVES;2016;4;259.6;20.6
BENTO GONCALVES;2016;5;60.0;11.85
BENTO GONCALVES;2016;6;6.8;8.975
BENTO GONCALVES;2016;7;192.4;11.65
BENTO GONCALVES;2016;8;111.0;13.4
BENTO GONCALVES;2016;9;84.2;12.8
BENTO GONCALVES;2016;10;367.0;16.35
BENTO GONCALVES;2016;11;104.4;18.475
BENTO GONCALVES;2016;12;81.4;21.15
BENTO GONCALVES;2017;1;146.8;21.7
BENTO GONCALVES;2017;2;135.0;22.15
BENTO GONCALVES;2017;3;250.0;19.9
BENTO GONCALVES;2017;4;157.2;17.325
BENTO GONCALVES;2017;5;312.4;15.65
BENTO GONCALVES;2017;6;161.0;14.025
BENTO GONCALVES;2017;7;28.8;15.95
BENTO GONCALVES;2017;8;114.0;14.0
BENTO GONCALVES;2017;9;106.6;18.15
BENTO GONCALVES;2017;10;184.2;17.1
BENTO GONCALVES;2017;11;162.4;17.275
BENTO GONCALVES;2017;12;102.4;21.2
BENTO GONCALVES;2018;1;146.6;20.65
BENTO GONCALVES;2018;2;85.4;20.6
BENTO GONCALVES;2018;3;124.2;20.15
BENTO GONCALVES;2018;4;40.0;19.925
BENTO GONCALVES;2018;5;118.6;15.95
BENTO GONCALVES;2018;6;182.6;9.825
BENTO GONCALVES;2018;7;163.0;12.95
BENTO GONCALVES;2018;8;215.8;10.8
BENTO GONCALVES;2018;9;183.0;16.15
BENTO GONCALVES;2018;10;221.0;16.7
BENTO GONCALVES;2018;11;191.0;18.95
BENTO GONCALVES;2018;12;134.4;20.45
BENTO GONCALVES;2019;1;138.0;23.1
BENTO GONCALVES;2019;2;66.2;20.375
BENTO GONCALVES;2019;3;82.6;19.4
BENTO GONCALVES;2019;4;161.0;18.1
BENTO GONCALVES;2019;5;70.4;15.4
BENTO GONCALVES;2019;6;69.2;15.9
BENTO GONCALVES;2019;7;44.0;12.2
BENTO GONCALVES;2019;8;97.2;12.5
BENTO GONCALVES;2019;9;72.8;14.575
BENTO GONCALVES;2019;10;258.6;17.7
BENTO GONCALVES;2019;11;158.6;18.825
BENTO GONCALVES;2019;12;37.4;20.7
BENTO GONCALVES;2020;1;144.6;16.7
BENTO GONCALVES;2020;2;67.4;16.2
BENTO GONCALVES;2020;3;33.0;14.5
BENTO GONCALVES;2020;4;8.8;11.275
BENTO GONCALVES;2020;5;136.4;8.0
BENTO GONCALVES;2020;6;247.8;11.95
BENTO GONCALVES;2020;7;309.2;8.85
BENTO GONCALVES;2020;8;112.0;9.1
BENTO GONCALVES;2020;9;137.8;12.825
BENTO GONCALVES;2020;10;46.4;11.7
BENTO GONCALVES;2020;11;5.2;15.225
BENTO GONCALVES;2020;12;0.0;
BENTO GONCALVES;2021;1;226.0;17.7
BENTO GONCALVES;2021;2;64.6;15.8
BENTO GONCALVES;2021;3;148.6;17.25
BENTO GONCALVES;2021;4;6.8;13.025
BENTO GONCALVES;2021;5;198.0;9.2
BENTO GONCALVES;2021;6;167.2;9.8
BENTO GONCALVES;2021;7;35.4;7.0
BENTO GONCALVES;2021;8;117.2;11.15
BENTO GONCALVES;2021;9;161.4;12.725
BENTO GONCALVES;2021;10;103.8;12.15
BENTO GONCALVES;2021;11;38.2;12.675
BENTO GONCALVES;2021;12;31.2;13.85
BENTO GONCALVES;2022;1;81.6;17.05
BENTO GONCALVES;2022;2;104.0;16.6
BENTO GONCALVES;2022;3;174.0;16.55
BENTO GONCALVES;2022;4;154.0;13.775
BENTO GONCALVES;2022;5;295.0;11.0
BENTO GONCALVES;2022;6;203.0;8.2
BENTO GONCALVES;2022;7;147.8;12.5
BENTO GONCALVES;2022;8;105.4;9.05
BENTO GONCALVES;2022;9;58.8;9.675
BENTO GONCALVES;2022;10;117.4;12.6
BENTO GONCALVES;2022;11;58.2;11.4
BENTO GONCALVES;2022;12;135.0;15.0
BENTO GONCALVES;2023;1;86.8;17.35
BENTO GONCALVES;2023;2;138.4;16.25
BENTO GONCALVES;2023;3;89.4;17.6
BENTO GONCALVES;2023;4;62.2;13.45
BENTO GONCALVES;2023;5;132.8;11.6
BENTO GONCALVES;2023;6;163.6;10.725
BENTO GONCALVES;2023;7;163.8;11.8
BENTO GONCALVES;2023;8;65.8;10.0
BENTO GONCALVES;2023;9;427.0;14.1
BENTO GONCALVES;2023;10;232.0;13.3
BENTO GONCALVES;2023;11;277.6;15.85
BENTO GONCALVES;2023;12;123.8;18.2
BENTO GONCALVES;2024;1;180.8;16.7
BENTO GONCALVES;2024;2;149.2;19.1
BENTO GONCALVES;2024;3;72.6;17.8
BENTO GONCALVES;2024;4;404.6;16.925
BENTO GONCALVES;2024;5;688.6;11.5
BENTO GONCALVES;2024;6;343.0;12.9
BENTO GONCALVES;2024;7;74.2;9.7
BENTO GONCALVES;2024;8;77.4;10.65
BENTO GONCALVES;2024;9;121.8;12.825
BENTO GONCALVES;2024;10;47.8;14.15
BENTO GONCALVES;2024;11;49.8;15.275
BENTO GONCALVES;2024;12;148.4;14.9
BENTO GONCALVES;2025;1;74.0;17.1
BENTO GONCALVES;2025;2;30.8;18.45
BENTO GONCALVES;2025;3;31.6;17.1
BENTO GONCALVES;2025;4;0.0;15.0
BENTO GONCALVES;2025;5;0.0;12.8
BENTO GONCALVES;2025;6;0.0;9.5
BENTO GONCALVES;2025;7;80.2;8.6
BENTO GONCALVES;2025;8;55.2;8.775
BENTO GONCALVES;2025;9;0.0;
BENTO GONCALVES;2025;10;0.0;
BENTO GONCALVES;2025;11;0.0;
BENTO GONCALVES;2025;12;0.0;
CACAPAVA DO SUL;2015;1;156.4;21.55
CACAPAVA DO SUL;2015;2;102.2;20.875
CACAPAVA DO SUL;2015;3;79.4;20.35
CACAPAVA DO SUL;2015;4;62.8;17.825
CACAPAVA DO SUL;2015;5;220.4;14.55
CACAPAVA DO SUL;2015;6;147.2;13.075
CACAPAVA DO SUL;2015;7;296.4;12.2
CACAPAVA DO SUL;2015;8;118.4;15.55
CACAPAVA DO SUL;2015;9;130.8;13.225
CACAPAVA DO SUL;2015;10;277.6;14.2
CACAPAVA DO SUL;2015;11;180.6;17.575
CACAPAVA DO SUL;2015;12;419.8;19.75
CACAPAVA DO SUL;2016;1;78.4;21.95
CACAPAVA DO SUL;2016;2;134.2;22.2
CACAPAVA DO SUL;2016;3;216.4;18.35
CACAPAVA DO SUL;2016;4;267.0;18.925
CACAPAVA DO SUL;2016;5;82.0;11.45
CACAPAVA DO SUL;2016;6;48.4;8.675
CACAPAVA DO SUL;2016;7;178.8;10.35
CACAPAVA DO SUL;2016;8;130.6;12.7
CACAPAVA DO SUL;2016;9;63.6;12.475
CACAPAVA DO SUL;2016;10;224.6;15.3
CACAPAVA DO SUL;2016;11;273.0;18.65
CACAPAVA DO SUL;2016;12;154.8;21.05
CACAPAVA DO SUL;2017;1;137.2;21.55
CACAPAVA DO SUL;2017;2;160.8;22.325
CACAPAVA DO SUL;2017;3;256.4;19.55
CACAPAVA DO SUL;2017;4;104.4;16.75
CACAPAVA DO SUL;2017;5;286.0;14.6
CACAPAVA DO SUL;2017;6;125.0;12.475
CACAPAVA DO SUL;2017;7;26.0;15.75
CACAPAVA DO SUL;2017;8;236.4;13.1
CACAPAVA DO SUL;2017;9;194.2;14.9
CACAPAVA DO SUL;2017;10;243.8;15.8
CACAPAVA DO SUL;2017;11;94.4;17.575
CACAPAVA DO SUL;2017;12;23.2;22.4
CACAPAVA DO SUL;2018;1;66.8;22.45
CACAPAVA DO SUL;2018;2;47.6;21.15
CACAPAVA DO SUL;2018;3;147.8;19.95
CACAPAVA DO SUL;2018;4;113.8;20.0
CACAPAVA DO SUL;2018;5;72.4;15.95
CACAPAVA DO SUL;2018;6;138.4;9.375
CACAPAVA DO SUL;2018;7;219.0;9.9
CACAPAVA DO SUL;2018;8;197.0;11.1
CACAPAVA DO SUL;2018;9;315.4;15.55
CACAPAVA DO SUL;2018;10;101.6;15.8
CACAPAVA DO SUL;2018;11;141.2;19.125
CACAPAVA DO SUL;2018;12;190.4;20.3
CACAPAVA DO SUL;2019;1;301.4;22.5
CACAPAVA DO SUL;2019;2;68.2;21.0
CACAPAVA DO SUL;2019;3;96.2;19.7
CACAPAVA DO SUL;2019;4;57.0;17.9
CACAPAVA DO SUL;2019;5;254.8;15.25
CACAPAVA DO SUL;2019;6;65.4;15.3
CACAPAVA DO SUL;2019;7;268.4;10.0
CACAPAVA DO SUL;2019;8;113.0;12.05
CACAPAVA DO SUL;2019;9;97.4;13.1
CACAPAVA DO SUL;2019;10;455.8;17.4
CACAPAVA DO SUL;2019;11;69.0;18.85
CACAPAVA DO SUL;2019;12;70.4;21.15
CACAPAVA DO SUL;2020;1;190.6;17.45
CACAPAVA DO SUL;2020;2;31.0;16.7
CACAPAVA DO SUL;2020;3;46.0;16.65
CACAPAVA DO SUL;2020;4;32.0;12.175
CACAPAVA DO SUL;2020;5;210.6;9.4
CACAPAVA DO SUL;2020;6;184.8;12.1
CACAPAVA DO SUL;2020;7;101.0;6.95
CACAPAVA DO SUL;2020;8;72.6;10.55
CACAPAVA DO SUL;2020;9;152.2;11.6
CACAPAVA DO SUL;2020;10;68.4;12.45
CACAPAVA DO SUL;2020;11;42.0;14.45
CACAPAVA DO SUL;2020;12;128.4;16.0
CACAPAVA DO SUL;2021;1;172.2;18.7
CACAPAVA DO SUL;2021;2;125.4;17.275
CACAPAVA DO SUL;2021;3;133.2;18.0
CACAPAVA DO SUL;2021;4;25.2;14.925
CACAPAVA DO SUL;2021;5;42.0;8.0
CACAPAVA DO SUL;2021;6;38.6;10.575
CACAPAVA DO SUL;2021;7;14.6;8.5
CACAPAVA DO SUL;2021;8;34.0;11.8
CACAPAVA DO SUL;2021;9;301.4;12.85
CACAPAVA DO SUL;2021;10;78.8;10.6
CACAPAVA DO SUL;2021;11;111.2;13.025
CACAPAVA DO SUL;2021;12;46.8;15.7
CACAPAVA DO SUL;2022;1;48.0;18.2
CACAPAVA DO SUL;2022;2;89.0;16.325
CACAPAVA DO SUL;2022;3;177.4;16.9
CACAPAVA DO SUL;2022;4;303.0;15.05
CACAPAVA DO SUL;2022;5;116.2;11.25
CACAPAVA DO SUL;2022;6;96.0;8.75
CACAPAVA DO SUL;2022;7;196.6;12.7
CACAPAVA DO SUL;2022;8;109.8;9.5
CACAPAVA DO SUL;2022;9;56.0;9.975
CACAPAVA DO SUL;2022;10;100.6;12.4
CACAPAVA DO SUL;2022;11;81.2;12.375
CACAPAVA DO SUL;2022;12;75.0;15.4
CACAPAVA DO SUL;2023;1;90.4;16.9
CACAPAVA DO SUL;2023;2;82.2;16.7
CACAPAVA DO SUL;2023;3;80.8;19.4
CACAPAVA DO SUL;2023;4;27.0;13.95
CACAPAVA DO SUL;2023;5;338.8;13.15
CACAPAVA DO SUL;2023;6;86.0;13.2
CACAPAVA DO SUL;2023;7;209.8;11.55
CACAPAVA DO SUL;2023;8;89.2;10.45
CACAPAVA DO SUL;2023;9;680.6;13.0
CACAPAVA DO SUL;2023;10;90.6;13.15
CACAPAVA DO SUL;2023;11;254.2;16.2
CACAPAVA DO SUL;2023;12;214.4;18.65
CACAPAVA DO SUL;2024;1;139.8;18.3
CACAPAVA DO SUL;2024;2;104.4;20.1
CACAPAVA DO SUL;2024;3;174.4;18.8
CACAPAVA DO SUL;2024;4;437.0;16.625
CACAPAVA DO SUL;2024;5;338.8;10.8
CACAPAVA DO SUL;2024;6;216.8;15.05
CACAPAVA DO SUL;2024;7;71.8;8.6
CACAPAVA DO SUL;2024;8;228.8;11.3
CACAPAVA DO SUL;2024;9;259.4;14.1
CACAPAVA DO SUL;2024;10;200.8;14.7
CACAPAVA DO SUL;2024;11;45.0;16.65
CACAPAVA DO SUL;2024;12;108.2;14.95
CACAPAVA DO SUL;2025;1;39.2;18.0
CACAPAVA DO SUL;2025;2;124.6;19.425
CACAPAVA DO SUL;2025;3;19.0;17.55
CACAPAVA DO SUL;2025;4;87.4;14.15
CACAPAVA DO SUL;2025;5;295.4;14.05
CACAPAVA DO SUL;2025;6;325.8;6.875
CACAPAVA DO SUL;2025;7;137.8;9.1
CACAPAVA DO SUL;2025;8;41.8;6.6
CACAPAVA DO SUL;2025;9;59.4;9.2
CACAPAVA DO SUL;2025;10;86.0;12.8
CACAPAVA DO SUL;2025;11;82.8;12.25
CACAPAVA DO SUL;2025;12;199.3;17.4
CAMAQUA;2015;1;179.2;22.95
CAMAQUA;2015;2;112.4;22.25
CAMAQUA;2015;3;19.0;22.0
CAMAQUA;2015;4;74.2;18.9
CAMAQUA;2015;5;253.0;15.95
CAMAQUA;2015;6;175.0;13.15
CAMAQUA;2015;7;290.6;13.7
CAMAQUA;2015;8;61.6;17.5
CAMAQUA;2015;9;176.0;13.925
CAMAQUA;2015;10;283.8;16.95
CAMAQUA;2015;11;132.0;18.825
CAMAQUA;2015;12;242.0;21.25
CAMAQUA;2016;1;71.0;23.25
CAMAQUA;2016;2;46.6;23.85
CAMAQUA;2016;3;447.6;19.65
CAMAQUA;2016;4;173.2;21.35
CAMAQUA;2016;5;69.8;12.85
CAMAQUA;2016;6;5.8;9.975
CAMAQUA;2016;7;77.2;11.8
CAMAQUA;2016;8;129.6;12.95
CAMAQUA;2016;9;118.6;13.925
CAMAQUA;2016;10;190.6;16.65
CAMAQUA;2016;11;133.6;19.525
CAMAQUA;2016;12;153.6;22.8
CAMAQUA;2017;1;93.8;23.4
CAMAQUA;2017;2;176.0;23.75
CAMAQUA;2017;3;221.2;20.95
CAMAQUA;2017;4;76.2;18.7
CAMAQUA;2017;5;261.2;16.6
CAMAQUA;2017;6;76.2;14.525
CAMAQUA;2017;7;22.4;15.7
CAMAQUA;2017;8;108.4;14.4
CAMAQUA;2017;9;77.2;16.75
CAMAQUA;2017;10;118.2;17.65
CAMAQUA;2017;11;138.4;18.825
CAMAQUA;2017;12;57.8;22.35
CAMAQUA;2018;1;73.6;23.25
CAMAQUA;2018;2;172.8;21.8
CAMAQUA;2018;3;157.4;21.2
CAMAQUA;2018;4;178.8;20.5
CAMAQUA;2018;5;151.8;17.3
CAMAQUA;2018;6;97.6;10.4
CAMAQUA;2018;7;209.6;12.4
CAMAQUA;2018;8;160.0;11.95
CAMAQUA;2018;9;271.0;16.9
CAMAQUA;2018;10;89.6;18.0
CAMAQUA;2018;11;104.8;20.45
CAMAQUA;2018;12;72.0;21.85
CAMAQUA;2019;1;139.2;24.7
CAMAQUA;2019;2;70.8;22.675
CAMAQUA;2019;3;81.2;21.2
CAMAQUA;2019;4;78.6;19.325
CAMAQUA;2019;5;278.4;16.9
CAMAQUA;2019;6;41.2;17.0
CAMAQUA;2019;7;179.8;10.95
CAMAQUA;2019;8;155.0;13.0
CAMAQUA;2019;9;108.8;14.575
CAMAQUA;2019;10;127.8;18.225
CAMAQUA;2019;11;44.6;21.05
CAMAQUA;2019;12;76.6;22.75
CAMAQUA;2020;1;155.6;20.15
CAMAQUA;2020;2;35.4;19.0
CAMAQUA;2020;3;44.8;18.7
CAMAQUA;2020;4;48.2;14.7
CAMAQUA;2020;5;117.6;11.15
CAMAQUA;2020;6;165.2;13.8
CAMAQUA;2020;7;116.2;9.35
CAMAQUA;2020;8;81.2;12.6
CAMAQUA;2020;9;247.6;13.7
CAMAQUA;2020;10;131.0;14.9
CAMAQUA;2020;11;30.4;17.275
CAMAQUA;2020;12;94.0;19.0
CAMAQUA;2021;1;110.0;20.85
CAMAQUA;2021;2;65.4;19.675
CAMAQUA;2021;3;110.6;19.65
CAMAQUA;2021;4;13.6;16.9
CAMAQUA;2021;5;97.6;10.4
CAMAQUA;2021;6;7.0;11.575
CAMAQUA;2021;7;11.8;11.4
CAMAQUA;2021;8;25.6;14.45
CAMAQUA;2021;9;50.0;15.3
CAMAQUA;2021;10;35.0;14.2
CAMAQUA;2021;11;28.2;14.7
CAMAQUA;2021;12;130.4;18.1
CAMAQUA;2022;1;165.8;21.6
CAMAQUA;2022;2;121.2;20.85
CAMAQUA;2022;3;104.4;21.0
CAMAQUA;2022;4;129.6;18.9
CAMAQUA;2022;5;104.0;
CAMAQUA;2022;6;104.8;
CAMAQUA;2022;7;116.8;
CAMAQUA;2022;8;109.4;
CAMAQUA;2022;9;70.2;
CAMAQUA;2022;10;113.8;
CAMAQUA;2022;11;54.0;
CAMAQUA;2022;12;108.4;
CAMAQUA;2023;1;84.6;
CAMAQUA;2023;2;66.2;
CAMAQUA;2023;3;109.2;20.55
CAMAQUA;2023;4;53.8;15.625
CAMAQUA;2023;5;176.4;14.9
CAMAQUA;2023;6;144.0;13.675
CAMAQUA;2023;7;250.0;12.85
CAMAQUA;2023;8;93.8;12.15
CAMAQUA;2023;9;383.8;14.75
CAMAQUA;2023;10;90.6;14.7
CAMAQUA;2023;11;200.2;17.35
CAMAQUA;2023;12;135.0;20.45
CAMAQUA;2024;1;125.8;20.25
CAMAQUA;2024;2;97.6;22.0
CAMAQUA;2024;3;40.6;21.1
CAMAQUA;2024;4;302.8;17.5
CAMAQUA;2024;5;79.8;19.3
CAMAQUA;2024;6;140.4;16.75
CAMAQUA;2024;7;95.8;10.2
CAMAQUA;2024;8;145.0;13.05
CAMAQUA;2024;9;325.0;15.8
CAMAQUA;2024;10;128.8;16.2
CAMAQUA;2024;11;73.6;18.475
CAMAQUA;2024;12;146.2;17.5
CAMAQUA;2025;1;75.4;20.25
CAMAQUA;2025;2;113.6;21.575
CAMAQUA;2025;3;29.6;19.35
CAMAQUA;2025;4;97.2;16.25
CAMAQUA;2025;5;231.0;16.25
CAMAQUA;2025;6;300.0;9.775
CAMAQUA;2025;7;126.6;10.7
CAMAQUA;2025;8;81.8;10.0
CAMAQUA;2025;9;0.0;
CAMAQUA;2025;10;35.3;14.25
CAMAQUA;2025;11;124.2;15.525
CAMAQUA;2025;12;334.4;20.5
CAMBARA DO SUL;2017;1;138.2;19.1
CAMBARA DO SUL;2017;2;90.2;19.6
CAMBARA DO SUL;2017;3;101.0;16.45
CAMBARA DO SUL;2017;4;87.4;14.675
CAMBARA DO SUL;2017;5;206.8;13.6
CAMBARA DO SUL;2017;6;131.6;11.7
CAMBARA DO SUL;2017;7;6.8;12.0
CAMBARA DO SUL;2017;8;91.0;11.4
CAMBARA DO SUL;2017;9;128.8;15.5
CAMBARA DO SUL;2017;10;194.4;14.75
CAMBARA DO SUL;2017;11;145.2;14.725
CAMBARA DO SUL;2017;12;81.8;17.8
CAMBARA DO SUL;2018;1;141.2;17.9
CAMBARA DO SUL;2018;2;121.8;16.975
CAMBARA DO SUL;2018;3;175.2;17.65
CAMBARA DO SUL;2018;4;34.4;17.05
CAMBARA DO SUL;2018;5;77.0;12.8
CAMBARA DO SUL;2018;6;185.0;10.3
CAMBARA DO SUL;2018;7;188.2;12.15
CAMBARA DO SUL;2018;8;102.6;9.45
CAMBARA DO SUL;2018;9;148.2;13.25
CAMBARA DO SUL;2018;10;267.8;14.6
CAMBARA DO SUL;2018;11;111.6;16.25
CAMBARA DO SUL;2018;12;126.0;18.3
CAMBARA DO SUL;2019;1;285.0;20.65
CAMBARA DO SUL;2019;2;182.0;17.225
CAMBARA DO SUL;2019;3;115.6;17.3
CAMBARA DO SUL;2019;4;139.4;15.85
CAMBARA DO SUL;2019;5;118.6;12.85
CAMBARA DO SUL;2019;6;54.2;13.725
CAMBARA DO SUL;2019;7;64.8;10.95
CAMBARA DO SUL;2019;8;62.6;11.0
CAMBARA DO SUL;2019;9;64.8;12.25
CAMBARA DO SUL;2019;10;248.4;15.8
CAMBARA DO SUL;2019;11;123.2;16.425
CAMBARA DO SUL;2019;12;100.6;17.5
CAMBARA DO SUL;2020;1;289.4;16.4
CAMBARA DO SUL;2020;2;72.8;15.95
CAMBARA DO SUL;2020;3;20.0;14.4
CAMBARA DO SUL;2020;4;35.4;10.675
CAMBARA DO SUL;2020;5;66.4;6.25
CAMBARA DO SUL;2020;6;81.4;10.75
CAMBARA DO SUL;2020;7;28.2;10.15
CAMBARA DO SUL;2020;8;97.6;7.1
CAMBARA DO SUL;2020;9;127.8;12.175
CAMBARA DO SUL;2020;10;100.8;12.15
CAMBARA DO SUL;2020;11;165.0;14.4
CAMBARA DO SUL;2020;12;147.0;15.95
CAMBARA DO SUL;2021;1;204.6;17.3
CAMBARA DO SUL;2021;2;63.8;15.625
CAMBARA DO SUL;2021;3;88.2;17.15
CAMBARA DO SUL;2021;4;34.4;13.45
CAMBARA DO SUL;2021;5;196.8;8.2
CAMBARA DO SUL;2021;6;130.0;9.725
CAMBARA DO SUL;2021;7;35.2;6.4
CAMBARA DO SUL;2021;8;81.0;10.25
CAMBARA DO SUL;2021;9;147.0;11.775
CAMBARA DO SUL;2021;10;86.0;11.65
CAMBARA DO SUL;2021;11;113.8;12.775
CAMBARA DO SUL;2021;12;53.0;14.65
CAMBARA DO SUL;2022;1;199.4;17.7
CAMBARA DO SUL;2022;2;84.4;17.025
CAMBARA DO SUL;2022;3;141.6;16.35
CAMBARA DO SUL;2022;4;128.6;12.325
CAMBARA DO SUL;2022;5;285.6;9.6
CAMBARA DO SUL;2022;6;271.2;7.35
CAMBARA DO SUL;2022;7;99.4;10.9
CAMBARA DO SUL;2022;8;103.4;8.1
CAMBARA DO SUL;2022;9;94.4;9.4
CAMBARA DO SUL;2022;10;109.6;12.55
CAMBARA DO SUL;2022;11;58.2;11.275
CAMBARA DO SUL;2022;12;199.0;14.5
CAMBARA DO SUL;2023;1;148.0;16.7
CAMBARA DO SUL;2023;2;101.0;16.2
CAMBARA DO SUL;2023;3;139.6;17.5
CAMBARA DO SUL;2023;4;40.8;13.825
CAMBARA DO SUL;2023;5;111.2;10.5
CAMBARA DO SUL;2023;6;122.8;10.075
CAMBARA DO SUL;2023;7;174.0;9.75
CAMBARA DO SUL;2023;8;76.6;9.4
CAMBARA DO SUL;2023;9;417.8;13.275
CAMBARA DO SUL;2023;10;319.0;12.5
CAMBARA DO SUL;2023;11;479.4;15.275
CAMBARA DO SUL;2023;12;154.8;16.8
CAMBARA DO SUL;2024;1;191.0;16.3
CAMBARA DO SUL;2024;2;68.8;18.8
CAMBARA DO SUL;2024;3;58.6;17.0
CAMBARA DO SUL;2024;4;215.2;16.525
CAMBARA DO SUL;2024;5;618.2;12.95
CAMBARA DO SUL;2024;6;387.4;12.075
CAMBARA DO SUL;2024;7;72.4;8.5
CAMBARA DO SUL;2024;8;93.8;9.3
CAMBARA DO SUL;2024;9;100.6;12.075
CAMBARA DO SUL;2024;10;127.0;13.1
CAMBARA DO SUL;2024;11;97.2;15.15
CAMBARA DO SUL;2024;12;163.4;14.5
CAMBARA DO SUL;2025;1;106.2;16.7
CAMBARA DO SUL;2025;2;104.6;18.1
CAMBARA DO SUL;2025;3;46.0;16.4
CAMBARA DO SUL;2025;4;103.0;13.95
CAMBARA DO SUL;2025;5;92.6;11.65
CAMBARA DO SUL;2025;6;232.8;8.775
CAMBARA DO SUL;2025;7;62.4;6.45
CAMBARA DO SUL;2025;8;114.4;8.75
CAMBARA DO SUL;2025;9;213.6;11.3
CAMBARA DO SUL;2025;10;132.2;11.6
CAMBARA DO SUL;2025;11;112.6;12.475
CAMBARA DO SUL;2025;12;30.0;14.25
CAMPO BOM;2015;1;300.2;24.4
CAMPO BOM;2015;2;94.0;23.75
CAMPO BOM;2015;3;95.4;23.2
CAMPO BOM;2015;4;116.0;20.125
CAMPO BOM;2015;5;158.8;17.45
CAMPO BOM;2015;6;218.0;13.325
CAMPO BOM;2015;7;448.4;15.0
CAMPO BOM;2015;8;97.4;18.65
CAMPO BOM;2015;9;247.2;17.175
CAMPO BOM;2015;10;370.4;18.85
CAMPO BOM;2015;11;154.6;21.1
CAMPO BOM;2015;12;160.0;23.6
CAMPO BOM;2016;1;66.0;25.35
CAMPO BOM;2016;2;96.2;25.55
CAMPO BOM;2016;3;187.6;21.8
CAMPO BOM;2016;4;202.4;23.0
CAMPO BOM;2016;5;66.8;14.4
CAMPO BOM;2016;6;6.2;11.25
CAMPO BOM;2016;7;64.2;13.35
CAMPO BOM;2016;8;130.6;14.4
CAMPO BOM;2016;9;80.0;15.875
CAMPO BOM;2016;10;275.2;18.95
CAMPO BOM;2016;11;107.4;20.925
CAMPO BOM;2016;12;143.6;24.35
CAMPO BOM;2017;1;143.0;24.85
CAMPO BOM;2017;2;175.6;25.225
CAMPO BOM;2017;3;170.0;22.3
CAMPO BOM;2017;4;32.0;19.85
CAMPO BOM;2017;5;245.8;17.2
CAMPO BOM;2017;6;181.0;15.225
CAMPO BOM;2017;7;30.2;15.65
CAMPO BOM;2017;8;116.2;16.15
CAMPO BOM;2017;9;167.0;19.65
CAMPO BOM;2017;10;235.2;19.9
CAMPO BOM;2017;11;222.6;20.625
CAMPO BOM;2017;12;155.8;24.2
CAMPO BOM;2018;1;125.0;24.3
CAMPO BOM;2018;2;62.8;23.35
CAMPO BOM;2018;3;184.8;22.6
CAMPO BOM;2018;4;57.8;21.65
CAMPO BOM;2018;5;99.0;18.0
CAMPO BOM;2018;6;162.4;12.575
CAMPO BOM;2018;7;155.0;13.4
CAMPO BOM;2018;8;174.4;13.15
CAMPO BOM;2018;9;209.8;18.875
CAMPO BOM;2018;10;193.0;20.0
CAMPO BOM;2018;11;98.2;22.325
CAMPO BOM;2018;12;103.8;24.15
CAMPO BOM;2019;1;113.0;26.9
CAMPO BOM;2019;2;96.8;23.975
CAMPO BOM;2019;3;207.0;22.15
CAMPO BOM;2019;4;222.4;20.3
CAMPO BOM;2019;5;256.0;18.2
CAMPO BOM;2019;6;74.8;17.3
CAMPO BOM;2019;7;130.4;12.6
CAMPO BOM;2019;8;90.2;12.6
CAMPO BOM;2019;9;73.8;15.725
CAMPO BOM;2019;10;287.0;20.05
CAMPO BOM;2019;11;164.6;21.5
CAMPO BOM;2019;12;26.0;24.7
CAMPO BOM;2020;1;96.8;18.95
CAMPO BOM;2020;2;72.8;18.8
CAMPO BOM;2020;3;10.6;17.4
CAMPO BOM;2020;4;23.2;13.9
CAMPO BOM;2020;5;172.6;6.9
CAMPO BOM;2020;6;225.8;
CAMPO BOM;2020;7;239.0;
CAMPO BOM;2020;8;130.6;
CAMPO BOM;2020;9;231.2;
CAMPO BOM;2020;10;70.6;
CAMPO BOM;2020;11;70.8;
CAMPO BOM;2020;12;104.4;
CAMPO BOM;2021;1;185.6;
CAMPO BOM;2021;2;69.6;
CAMPO BOM;2021;3;106.4;
CAMPO BOM;2021;4;22.0;
CAMPO BOM;2021;5;199.0;
CAMPO BOM;2021;6;157.6;
CAMPO BOM;2021;7;32.6;
CAMPO BOM;2021;8;154.2;
CAMPO BOM;2021;9;186.4;
CAMPO BOM;2021;10;127.4;
CAMPO BOM;2021;11;127.4;
CAMPO BOM;2021;12;70.8;
CAMPO BOM;2022;1;189.4;
CAMPO BOM;2022;2;74.8;
CAMPO BOM;2022;3;230.4;
CAMPO BOM;2022;4;150.0;
CAMPO BOM;2022;5;152.0;
CAMPO BOM;2022;6;172.6;12.0
CAMPO BOM;2022;7;166.6;12.85
CAMPO BOM;2022;8;129.0;10.9
CAMPO BOM;2022;9;118.2;11.575
CAMPO BOM;2022;10;176.4;14.25
CAMPO BOM;2022;11;69.8;14.1
CAMPO BOM;2022;12;128.4;16.7
CAMPO BOM;2023;1;63.6;19.45
CAMPO BOM;2023;2;122.4;18.35
CAMPO BOM;2023;3;162.2;19.9
CAMPO BOM;2023;4;26.4;15.6
CAMPO BOM;2023;5;173.2;12.8
CAMPO BOM;2023;6;319.2;12.95
CAMPO BOM;2023;7;192.8;12.85
CAMPO BOM;2023;8;81.0;12.55
CAMPO BOM;2023;9;445.8;15.35
CAMPO BOM;2023;10;198.6;14.25
CAMPO BOM;2023;11;301.0;17.125
CAMPO BOM;2023;12;184.4;19.9
CAMPO BOM;2024;1;172.6;18.9
CAMPO BOM;2024;2;64.4;21.2
CAMPO BOM;2024;3;55.2;20.05
CAMPO BOM;2024;4;351.0;18.975
CAMPO BOM;2024;5;498.4;12.9
CAMPO BOM;2024;6;243.8;15.125
CAMPO BOM;2024;7;110.4;11.95
CAMPO BOM;2024;8;60.4;12.3
CAMPO BOM;2024;9;203.4;15.15
CAMPO BOM;2024;10;99.0;15.5
CAMPO BOM;2024;11;92.6;17.0
CAMPO BOM;2024;12;177.0;16.9
CAMPO BOM;2025;1;106.2;19.35
CAMPO BOM;2025;2;152.2;20.25
CAMPO BOM;2025;3;61.4;19.2
CAMPO BOM;2025;4;115.8;16.575
CAMPO BOM;2025;5;87.1;14.15
CAMPO BOM;2025;6;190.2;11.95
CAMPO BOM;2025;7;0.0;
CAMPO BOM;2025;8;0.0;
CAMPO BOM;2025;9;0.0;
CAMPO BOM;2025;10;83.0;15.35
CAMPO BOM;2025;11;106.9;16.425
CAMPO BOM;2025;12;133.9;20.1
CANELA;2015;1;183.2;20.5
CANELA;2015;2;138.8;19.1
CANELA;2015;3;195.2;17.75
CANELA;2015;4;174.2;15.6
CANELA;2015;5;205.0;13.25
CANELA;2015;6;208.0;12.15
CANELA;2015;7;342.6;11.65
CANELA;2015;8;133.0;16.6
CANELA;2015;9;89.0;12.925
CANELA;2015;10;275.8;14.75
CANELA;2015;11;179.2;17.0
CANELA;2015;12;264.8;19.4
CANELA;2016;1;181.4;20.05
CANELA;2016;2;86.2;20.5
CANELA;2016;3;294.8;17.35
CANELA;2016;4;289.2;19.075
CANELA;2016;5;148.6;10.8
CANELA;2016;6;12.0;8.05
CANELA;2016;7;165.8;11.45
CANELA;2016;8;161.0;12.55
CANELA;2016;9;99.0;11.6
CANELA;2016;10;359.4;13.55
CANELA;2016;11;139.6;16.025
CANELA;2016;12;178.8;20.15
CANELA;2017;1;211.2;20.1
CANELA;2017;2;99.4;20.825
CANELA;2017;3;231.0;17.45
CANELA;2017;4;146.4;15.45
CANELA;2017;5;314.6;14.35
CANELA;2017;6;69.8;11.475
CANELA;2017;7;0.6;0.0
CANELA;2017;8;4.6;0.0
CANELA;2017;9;192.6;16.1
CANELA;2017;10;250.4;15.55
CANELA;2017;11;257.8;15.5
CANELA;2017;12;223.0;19.0
CANELA;2018;1;208.2;19.0
CANELA;2018;2;150.0;18.35
CANELA;2018;3;194.0;18.7
CANELA;2018;4;100.2;17.9
CANELA;2018;5;121.4;14.35
CANELA;2018;6;168.0;10.15
CANELA;2018;7;251.6;12.5
CANELA;2018;8;222.8;9.6
CANELA;2018;9;238.4;14.125
CANELA;2018;10;245.8;14.65
CANELA;2018;11;185.4;17.275
CANELA;2018;12;120.4;19.05
CANELA;2019;1;160.8;21.8
CANELA;2019;2;136.2;18.575
CANELA;2019;3;160.6;18.0
CANELA;2019;4;197.8;16.55
CANELA;2019;5;261.8;14.35
CANELA;2019;6;77.8;14.375
CANELA;2019;7;56.8;10.35
CANELA;2019;8;108.4;10.55
CANELA;2019;9;88.4;12.0
CANELA;2019;10;395.4;16.1
CANELA;2019;11;209.6;17.15
CANELA;2019;12;56.6;19.2
CANELA;2020;1;250.4;16.55
CANELA;2020;2;129.6;15.85
CANELA;2020;3;35.4;14.35
CANELA;2020;4;42.6;11.425
CANELA;2020;5;173.0;7.75
CANELA;2020;6;291.2;11.15
CANELA;2020;7;365.0;7.9
CANELA;2020;8;137.8;7.3
CANELA;2020;9;203.6;11.75
CANELA;2020;10;111.6;11.65
CANELA;2020;11;123.0;13.625
CANELA;2020;12;55.2;15.75
CANELA;2021;1;0.0;17.1
CANELA;2021;2;170.2;15.475
CANELA;2021;3;166.4;16.95
CANELA;2021;4;22.6;13.4
CANELA;2021;5;240.8;8.5
CANELA;2021;6;188.0;8.925
CANELA;2021;7;37.6;6.7
CANELA;2021;8;159.8;10.5
CANELA;2021;9;206.6;12.225
CANELA;2021;10;157.0;11.85
CANELA;2021;11;123.8;12.25
CANELA;2021;12;43.2;15.1
CANELA;2022;1;9.4;17.2
CANELA;2022;2;1.8;16.975
CANELA;2022;3;4.0;17.15
CANELA;2022;4;0.0;16.65
CANELA;2022;5;152.2;7.725
CANELA;2022;6;261.2;7.5
CANELA;2022;7;174.6;11.6
CANELA;2022;8;183.4;7.95
CANELA;2022;9;138.8;9.825
CANELA;2022;10;195.2;11.85
CANELA;2022;11;48.2;11.975
CANELA;2022;12;82.6;15.3
CANELA;2023;1;119.8;17.1
CANELA;2023;2;209.8;15.925
CANELA;2023;3;227.2;17.4
CANELA;2023;4;133.2;13.225
CANELA;2023;5;152.6;10.3
CANELA;2023;6;229.8;10.4
CANELA;2023;7;237.4;10.6
CANELA;2023;8;108.0;9.5
CANELA;2023;9;442.6;13.175
CANELA;2023;10;360.2;12.8
CANELA;2023;11;439.4;14.95
CANELA;2023;12;158.8;17.15
CANELA;2024;1;263.4;16.3
CANELA;2024;2;272.2;18.9
CANELA;2024;3;143.8;17.1
CANELA;2024;4;386.2;16.55
CANELA;2024;5;706.0;11.3
CANELA;2024;6;345.0;12.725
CANELA;2024;7;117.6;8.4
CANELA;2024;8;123.6;10.0
CANELA;2024;9;166.0;12.35
CANELA;2024;10;185.4;13.5
CANELA;2024;11;318.8;14.95
CANELA;2024;12;282.2;14.55
CANELA;2025;1;146.2;16.95
CANELA;2025;2;158.8;18.225
CANELA;2025;3;63.6;16.6
CANELA;2025;4;171.0;14.05
CANELA;2025;5;147.2;11.75
CANELA;2025;6;0.2;8.3
CANELA;2025;7;0.0;
CANELA;2025;8;0.0;
CANELA;2025;9;0.0;
CANELA;2025;10;134.0;10.6
CANELA;2025;11;157.7;13.2
CANELA;2025;12;173.0;15.5
CRUZ ALTA;2015;1;177.0;21.7
CRUZ ALTA;2015;2;154.6;21.4
CRUZ ALTA;2015;3;105.4;21.6
CRUZ ALTA;2015;4;204.8;18.225
CRUZ ALTA;2015;5;195.0;15.95
CRUZ ALTA;2015;6;270.8;13.85
CRUZ ALTA;2015;7;245.6;12.3
CRUZ ALTA;2015;8;99.8;17.1
CRUZ ALTA;2015;9;141.0;15.1
CRUZ ALTA;2015;10;194.4;17.6
CRUZ ALTA;2015;11;163.6;20.05
CRUZ ALTA;2015;12;512.4;21.55
CRUZ ALTA;2016;1;193.2;23.5
CRUZ ALTA;2016;2;108.0;22.8
CRUZ ALTA;2016;3;195.0;19.3
CRUZ ALTA;2016;4;133.6;21.65
CRUZ ALTA;2016;5;50.2;12.95
CRUZ ALTA;2016;6;7.0;8.525
CRUZ ALTA;2016;7;130.2;12.7
CRUZ ALTA;2016;8;112.8;13.15
CRUZ ALTA;2016;9;55.0;13.2
CRUZ ALTA;2016;10;317.8;17.85
CRUZ ALTA;2016;11;198.8;20.325
CRUZ ALTA;2016;12;132.6;22.7
CRUZ ALTA;2017;1;229.8;22.45
CRUZ ALTA;2017;2;158.0;21.825
CRUZ ALTA;2017;3;157.4;20.5
CRUZ ALTA;2017;4;253.2;18.4
CRUZ ALTA;2017;5;409.4;15.75
CRUZ ALTA;2017;6;138.2;14.25
CRUZ ALTA;2017;7;10.2;15.3
CRUZ ALTA;2017;8;118.2;14.25
CRUZ ALTA;2017;9;102.6;17.875
CRUZ ALTA;2017;10;174.6;18.4
CRUZ ALTA;2017;11;196.0;19.7
CRUZ ALTA;2017;12;102.8;23.15
CRUZ ALTA;2018;1;361.2;21.5
CRUZ ALTA;2018;2;82.8;21.025
CRUZ ALTA;2018;3;240.4;20.3
CRUZ ALTA;2018;4;54.6;20.925
CRUZ ALTA;2018;5;102.4;16.15
CRUZ ALTA;2018;6;82.4;10.25
CRUZ ALTA;2018;7;72.2;11.85
CRUZ ALTA;2018;8;88.2;10.85
CRUZ ALTA;2018;9;178.0;16.3
CRUZ ALTA;2018;10;179.2;17.65
CRUZ ALTA;2018;11;257.6;20.6
CRUZ ALTA;2018;12;76.4;21.45
CRUZ ALTA;2019;1;266.2;22.95
CRUZ ALTA;2019;2;113.0;21.225
CRUZ ALTA;2019;3;111.8;19.5
CRUZ ALTA;2019;4;110.4;18.8
CRUZ ALTA;2019;5;305.4;16.4
CRUZ ALTA;2019;6;62.4;15.825
CRUZ ALTA;2019;7;129.0;10.55
CRUZ ALTA;2019;8;75.2;12.2
CRUZ ALTA;2019;9;3.4;8.975
CRUZ ALTA;2019;10;128.8;20.025
CRUZ ALTA;2019;11;0.0;21.75
CRUZ ALTA;2019;12;36.6;22.9
CRUZ ALTA;2020;1;144.2;17.95
CRUZ ALTA;2020;2;33.8;17.4
CRUZ ALTA;2020;3;19.6;13.85
CRUZ ALTA;2020;4;38.2;10.125
CRUZ ALTA;2020;5;204.0;7.85
CRUZ ALTA;2020;6;279.4;12.325
CRUZ ALTA;2020;7;273.4;8.6
CRUZ ALTA;2020;8;107.6;11.3
CRUZ ALTA;2020;9;83.6;12.225
CRUZ ALTA;2020;10;37.8;12.0
CRUZ ALTA;2020;11;54.0;12.15
CRUZ ALTA;2020;12;119.6;16.8
CRUZ ALTA;2021;1;193.6;19.075
CRUZ ALTA;2021;2;65.2;17.25
CRUZ ALTA;2021;3;104.0;17.65
CRUZ ALTA;2021;4;46.4;13.75
CRUZ ALTA;2021;5;215.4;9.2
CRUZ ALTA;2021;6;138.6;10.325
CRUZ ALTA;2021;7;14.0;7.55
CRUZ ALTA;2021;8;164.2;11.35
CRUZ ALTA;2021;9;166.2;13.175
CRUZ ALTA;2021;10;238.4;12.05
CRUZ ALTA;2021;11;22.6;13.625
CRUZ ALTA;2021;12;57.0;14.95
CRUZ ALTA;2022;1;60.0;18.8
CRUZ ALTA;2022;2;96.8;15.7
CRUZ ALTA;2022;3;184.4;16.7
CRUZ ALTA;2022;4;196.4;14.875
CRUZ ALTA;2022;5;217.0;10.9
CRUZ ALTA;2022;6;195.2;9.025
CRUZ ALTA;2022;7;110.6;13.0
CRUZ ALTA;2022;8;88.6;10.15
CRUZ ALTA;2022;9;75.0;10.475
CRUZ ALTA;2022;10;107.2;12.05
CRUZ ALTA;2022;11;37.2;10.3
CRUZ ALTA;2022;12;68.2;16.0
CRUZ ALTA;2023;1;63.0;17.9
CRUZ ALTA;2023;2;28.8;16.35
CRUZ ALTA;2023;3;133.6;18.6
CRUZ ALTA;2023;4;27.6;13.8
CRUZ ALTA;2023;5;146.2;11.075
CRUZ ALTA;2023;6;117.2;12.0
CRUZ ALTA;2023;7;143.0;12.3
CRUZ ALTA;2023;8;46.2;11.9
CRUZ ALTA;2023;9;449.6;15.375
CRUZ ALTA;2023;10;379.2;13.95
CRUZ ALTA;2023;11;410.8;16.575
CRUZ ALTA;2023;12;275.4;19.3
CRUZ ALTA;2024;1;178.6;18.6
CRUZ ALTA;2024;2;119.6;20.05
CRUZ ALTA;2024;3;172.8;19.0
CRUZ ALTA;2024;4;264.4;18.675
CRUZ ALTA;2024;5;423.0;12.3
CRUZ ALTA;2024;6;263.0;13.575
CRUZ ALTA;2024;7;37.8;10.25
CRUZ ALTA;2024;8;84.2;12.0
CRUZ ALTA;2024;9;135.8;14.3
CRUZ ALTA;2024;10;169.6;15.45
CRUZ ALTA;2024;11;39.2;16.45
CRUZ ALTA;2024;12;0.0;15.6
CRUZ ALTA;2025;1;0.0;18.1
CRUZ ALTA;2025;2;24.0;19.925
CRUZ ALTA;2025;3;112.6;17.25
CRUZ ALTA;2025;4;67.4;14.25
CRUZ ALTA;2025;5;290.8;13.9
CRUZ ALTA;2025;6;378.8;9.625
CRUZ ALTA;2025;7;83.4;8.3
CRUZ ALTA;2025;8;80.6;10.7
CRUZ ALTA;2025;9;0.0;11.95
CRUZ ALTA;2025;10;26.4;11.9
CRUZ ALTA;2025;11;94.4;14.95
CRUZ ALTA;2025;12;46.2;18.05
ERECHIM;2015;1;300.4;20.95
ERECHIM;2015;2;202.0;20.25
ERECHIM;2015;3;26.2;20.05
ERECHIM;2015;4;28.8;17.7
ERECHIM;2015;5;0.0;11.85
ERECHIM;2015;6;0.0;13.0
ERECHIM;2015;7;0.0;10.65
ERECHIM;2015;8;51.2;18.5
ERECHIM;2015;9;288.8;15.325
ERECHIM;2015;10;248.8;17.55
ERECHIM;2015;11;236.0;18.9
ERECHIM;2015;12;436.0;21.0
ERECHIM;2016;1;0.0;22.5
ERECHIM;2016;2;0.0;21.65
ERECHIM;2016;3;0.0;18.55
ERECHIM;2016;4;64.0;21.5
ERECHIM;2016;5;0.0;7.9
ERECHIM;2016;6;0.0;0.0
ERECHIM;2016;7;127.4;7.65
ERECHIM;2016;8;179.8;13.1
ERECHIM;2016;9;55.0;14.0
ERECHIM;2016;10;227.6;16.0
ERECHIM;2016;11;61.0;19.4
ERECHIM;2016;12;191.4;20.4
ERECHIM;2017;1;211.6;21.15
ERECHIM;2017;2;156.0;21.3
ERECHIM;2017;3;151.8;19.25
ERECHIM;2017;4;191.4;17.375
ERECHIM;2017;5;463.2;15.1
ERECHIM;2017;6;204.6;13.9
ERECHIM;2017;7;11.0;14.3
ERECHIM;2017;8;75.2;12.5
ERECHIM;2017;9;63.2;18.525
ERECHIM;2017;10;113.6;16.9
ERECHIM;2017;11;52.8;17.975
ERECHIM;2017;12;22.8;22.0
ERECHIM;2018;1;120.8;20.25
ERECHIM;2018;2;59.2;19.225
ERECHIM;2018;3;59.0;20.2
ERECHIM;2018;4;4.0;0.0
ERECHIM;2018;5;76.4;15.35
ERECHIM;2018;6;113.0;12.1
ERECHIM;2018;7;89.0;13.75
ERECHIM;2018;8;104.6;10.4
ERECHIM;2018;9;160.8;16.075
ERECHIM;2018;10;236.8;17.4
ERECHIM;2018;11;199.2;19.85
ERECHIM;2018;12;97.0;21.0
ERECHIM;2019;1;232.4;22.25
ERECHIM;2019;2;193.8;19.925
ERECHIM;2019;3;214.0;18.6
ERECHIM;2019;4;147.8;18.0
ERECHIM;2019;5;270.6;16.1
ERECHIM;2019;6;40.0;15.825
ERECHIM;2019;7;135.6;12.65
ERECHIM;2019;8;53.4;13.25
ERECHIM;2019;9;45.4;15.85
ERECHIM;2019;10;204.6;18.4
ERECHIM;2019;11;118.6;19.6
ERECHIM;2019;12;114.2;20.55
ERECHIM;2020;1;131.4;17.35
ERECHIM;2020;2;91.2;16.45
ERECHIM;2020;3;27.8;13.35
ERECHIM;2020;4;67.6;11.15
ERECHIM;2020;5;149.4;8.1
ERECHIM;2020;6;238.6;12.025
ERECHIM;2020;7;182.4;11.05
ERECHIM;2020;8;95.8;9.85
ERECHIM;2020;9;67.0;12.625
ERECHIM;2020;10;23.4;12.7
ERECHIM;2020;11;128.6;12.35
ERECHIM;2020;12;144.4;16.35
ERECHIM;2021;1;319.0;17.9
ERECHIM;2021;2;24.0;16.25
ERECHIM;2021;3;95.6;17.0
ERECHIM;2021;4;5.4;12.575
ERECHIM;2021;5;115.6;9.05
ERECHIM;2021;6;183.4;10.4
ERECHIM;2021;7;46.8;7.0
ERECHIM;2021;8;32.2;10.7
ERECHIM;2021;9;0.4;15.0
ERECHIM;2021;10;40.2;13.175
ERECHIM;2021;11;63.8;14.125
ERECHIM;2021;12;26.2;14.55
ERECHIM;2022;1;202.0;18.15
ERECHIM;2022;2;0.0;16.4
ERECHIM;2022;3;0.0;
ERECHIM;2022;4;0.0;
ERECHIM;2022;5;44.0;8.8
ERECHIM;2022;6;183.4;9.45
ERECHIM;2022;7;83.4;12.4
ERECHIM;2022;8;61.8;11.15
ERECHIM;2022;9;3.6;13.8
ERECHIM;2022;10;77.4;13.4
ERECHIM;2022;11;94.4;10.525
ERECHIM;2022;12;0.0;16.55
ERECHIM;2023;1;0.0;
ERECHIM;2023;2;0.0;
ERECHIM;2023;3;0.0;
ERECHIM;2023;4;0.0;
ERECHIM;2023;5;0.0;
ERECHIM;2023;6;0.0;
ERECHIM;2023;7;155.4;12.1
ERECHIM;2023;8;94.2;12.0
ERECHIM;2023;9;217.6;15.175
ERECHIM;2023;10;518.4;15.35
ERECHIM;2023;11;493.4;16.775
ERECHIM;2023;12;154.8;18.05
ERECHIM;2024;1;154.2;17.2
ERECHIM;2024;2;184.6;18.85
ERECHIM;2024;3;148.4;17.6
ERECHIM;2024;4;255.0;17.525
ERECHIM;2024;5;380.4;14.05
ERECHIM;2024;6;199.2;13.05
ERECHIM;2024;7;145.2;10.55
ERECHIM;2024;8;123.4;10.3
ERECHIM;2024;9;123.8;12.35
ERECHIM;2024;10;212.0;14.2
ERECHIM;2024;11;148.8;16.15
ERECHIM;2024;12;171.2;15.85
ERECHIM;2025;1;89.0;17.6
ERECHIM;2025;2;99.4;18.6
ERECHIM;2025;3;77.2;16.8
ERECHIM;2025;4;105.6;15.025
ERECHIM;2025;5;97.6;12.95
ERECHIM;2025;6;387.8;9.6
ERECHIM;2025;7;47.8;8.5
ERECHIM;2025;8;133.4;10.7
ERECHIM;2025;9;227.8;12.15
ERECHIM;2025;10;218.4;12.15
ERECHIM;2025;11;81.6;13.9
ERECHIM;2025;12;96.5;20.3
FREDERICO WESTPHALEN;2015;1;233.2;22.85
FREDERICO WESTPHALEN;2015;2;55.2;22.175
FREDERICO WESTPHALEN;2015;3;81.6;22.4
FREDERICO WESTPHALEN;2015;4;111.2;18.4
FREDERICO WESTPHALEN;2015;5;191.6;16.6
FREDERICO WESTPHALEN;2015;6;103.8;13.25
FREDERICO WESTPHALEN;2015;7;329.6;13.7
FREDERICO WESTPHALEN;2015;8;33.0;19.5
FREDERICO WESTPHALEN;2015;9;67.4;16.775
FREDERICO WESTPHALEN;2015;10;187.2;20.35
FREDERICO WESTPHALEN;2015;11;367.8;20.925
FREDERICO WESTPHALEN;2015;12;574.6;22.75
FREDERICO WESTPHALEN;2016;1;228.8;24.35
FREDERICO WESTPHALEN;2016;2;216.4;23.25
FREDERICO WESTPHALEN;2016;3;247.4;20.2
FREDERICO WESTPHALEN;2016;4;180.4;22.275
FREDERICO WESTPHALEN;2016;5;121.0;14.9
FREDERICO WESTPHALEN;2016;6;30.4;9.5
FREDERICO WESTPHALEN;2016;7;121.4;15.05
FREDERICO WESTPHALEN;2016;8;163.0;15.2
FREDERICO WESTPHALEN;2016;9;70.0;15.4
FREDERICO WESTPHALEN;2016;10;289.6;18.1
FREDERICO WESTPHALEN;2016;11;116.0;20.975
FREDERICO WESTPHALEN;2016;12;168.8;22.2
FREDERICO WESTPHALEN;2017;1;126.4;23.8
FREDERICO WESTPHALEN;2017;2;225.4;22.525
FREDERICO WESTPHALEN;2017;3;174.4;21.1
FREDERICO WESTPHALEN;2017;4;344.2;19.0
FREDERICO WESTPHALEN;2017;5;437.6;16.7
FREDERICO WESTPHALEN;2017;6;218.4;15.875
FREDERICO WESTPHALEN;2017;7;15.8;16.2
FREDERICO WESTPHALEN;2017;8;244.8;15.85
FREDERICO WESTPHALEN;2017;9;95.4;20.575
FREDERICO WESTPHALEN;2017;10;394.6;18.65
FREDERICO WESTPHALEN;2017;11;203.4;19.5
FREDERICO WESTPHALEN;2017;12;119.2;23.05
FREDERICO WESTPHALEN;2018;1;37.2;0.0
FREDERICO WESTPHALEN;2018;2;64.0;22.525
FREDERICO WESTPHALEN;2018;3;193.2;21.55
FREDERICO WESTPHALEN;2018;4;108.0;20.125
FREDERICO WESTPHALEN;2018;5;76.8;18.35
FREDERICO WESTPHALEN;2018;6;140.8;12.4
FREDERICO WESTPHALEN;2018;7;32.6;14.95
FREDERICO WESTPHALEN;2018;8;99.6;12.35
FREDERICO WESTPHALEN;2018;9;174.0;17.825
FREDERICO WESTPHALEN;2018;10;317.6;19.3
FREDERICO WESTPHALEN;2018;11;247.8;21.375
FREDERICO WESTPHALEN;2018;12;89.6;21.1
FREDERICO WESTPHALEN;2019;1;205.2;24.55
FREDERICO WESTPHALEN;2019;2;189.4;21.75
FREDERICO WESTPHALEN;2019;3;170.6;20.55
FREDERICO WESTPHALEN;2019;4;124.0;19.875
FREDERICO WESTPHALEN;2019;5;326.6;17.75
FREDERICO WESTPHALEN;2019;6;32.4;17.075
FREDERICO WESTPHALEN;2019;7;118.6;13.9
FREDERICO WESTPHALEN;2019;8;68.4;14.6
FREDERICO WESTPHALEN;2019;9;48.0;17.075
FREDERICO WESTPHALEN;2019;10;227.2;20.0
FREDERICO WESTPHALEN;2019;11;126.2;21.85
FREDERICO WESTPHALEN;2019;12;83.2;22.15
FREDERICO WESTPHALEN;2020;1;172.0;18.7
FREDERICO WESTPHALEN;2020;2;85.0;17.5
FREDERICO WESTPHALEN;2020;3;32.4;14.5
FREDERICO WESTPHALEN;2020;4;100.8;12.1
FREDERICO WESTPHALEN;2020;5;133.2;9.75
FREDERICO WESTPHALEN;2020;6;203.0;12.675
FREDERICO WESTPHALEN;2020;7;149.0;11.15
FREDERICO WESTPHALEN;2020;8;75.6;11.15
FREDERICO WESTPHALEN;2020;9;43.4;14.05
FREDERICO WESTPHALEN;2020;10;29.2;14.1
FREDERICO WESTPHALEN;2020;11;130.6;12.65
FREDERICO WESTPHALEN;2020;12;109.8;17.15
FREDERICO WESTPHALEN;2021;1;205.8;19.5
FREDERICO WESTPHALEN;2021;2;64.4;17.275
FREDERICO WESTPHALEN;2021;3;99.8;18.1
FREDERICO WESTPHALEN;2021;4;18.8;14.475
FREDERICO WESTPHALEN;2021;5;108.4;10.2
FREDERICO WESTPHALEN;2021;6;186.6;12.0
FREDERICO WESTPHALEN;2021;7;30.2;9.375
FREDERICO WESTPHALEN;2021;8;26.8;11.3
FREDERICO WESTPHALEN;2021;9;126.2;14.55
FREDERICO WESTPHALEN;2021;10;317.2;14.1
FREDERICO WESTPHALEN;2021;11;39.6;15.625
FREDERICO WESTPHALEN;2021;12;51.8;15.25
FREDERICO WESTPHALEN;2022;1;74.8;18.0
FREDERICO WESTPHALEN;2022;2;173.2;16.7
FREDERICO WESTPHALEN;2022;3;383.6;17.75
FREDERICO WESTPHALEN;2022;4;211.0;15.625
FREDERICO WESTPHALEN;2022;5;78.8;11.65
FREDERICO WESTPHALEN;2022;6;166.6;10.575
FREDERICO WESTPHALEN;2022;7;46.4;14.15
FREDERICO WESTPHALEN;2022;8;143.2;11.1
FREDERICO WESTPHALEN;2022;9;126.4;11.9
FREDERICO WESTPHALEN;2022;10;267.0;13.85
FREDERICO WESTPHALEN;2022;11;45.8;10.55
FREDERICO WESTPHALEN;2022;12;0.0;
FREDERICO WESTPHALEN;2023;1;173.2;18.3
FREDERICO WESTPHALEN;2023;2;227.6;17.5
FREDERICO WESTPHALEN;2023;3;165.2;19.25
FREDERICO WESTPHALEN;2023;4;76.4;15.4
FREDERICO WESTPHALEN;2023;5;218.0;13.45
FREDERICO WESTPHALEN;2023;6;71.4;12.9
FREDERICO WESTPHALEN;2023;7;156.2;13.85
FREDERICO WESTPHALEN;2023;8;107.8;13.5
FREDERICO WESTPHALEN;2023;9;284.8;16.9
FREDERICO WESTPHALEN;2023;10;672.6;16.9
FREDERICO WESTPHALEN;2023;11;384.4;18.475
FREDERICO WESTPHALEN;2023;12;214.8;19.95
FREDERICO WESTPHALEN;2024;1;98.4;19.0
FREDERICO WESTPHALEN;2024;2;219.4;20.4
FREDERICO WESTPHALEN;2024;3;266.4;19.55
FREDERICO WESTPHALEN;2024;4;148.2;19.55
FREDERICO WESTPHALEN;2024;5;275.8;15.5
FREDERICO WESTPHALEN;2024;6;170.2;14.95
FREDERICO WESTPHALEN;2024;7;172.6;11.8
FREDERICO WESTPHALEN;2024;8;98.4;12.05
FREDERICO WESTPHALEN;2024;9;79.2;14.075
FREDERICO WESTPHALEN;2024;10;148.6;15.9
FREDERICO WESTPHALEN;2024;11;110.8;18.475
FREDERICO WESTPHALEN;2024;12;136.8;17.2
FREDERICO WESTPHALEN;2025;1;88.0;19.2
FREDERICO WESTPHALEN;2025;2;180.6;20.725
FREDERICO WESTPHALEN;2025;3;106.2;18.65
FREDERICO WESTPHALEN;2025;4;115.0;16.125
FREDERICO WESTPHALEN;2025;5;121.0;15.2
FREDERICO WESTPHALEN;2025;6;321.8;11.325
FREDERICO WESTPHALEN;2025;7;55.8;10.05
FREDERICO WESTPHALEN;2025;8;194.6;11.75
FREDERICO WESTPHALEN;2025;9;235.2;13.05
FREDERICO WESTPHALEN;2025;10;160.0;14.875
FREDERICO WESTPHALEN;2025;11;78.8;16.225
FREDERICO WESTPHALEN;2025;12;116.7;21.375
LAGOA VERMELHA;2015;1;184.4;20.4
LAGOA VERMELHA;2015;2;191.0;19.7
LAGOA VERMELHA;2015;3;28.6;19.5
LAGOA VERMELHA;2015;4;0.0;17.375
LAGOA VERMELHA;2015;5;62.0;14.45
LAGOA VERMELHA;2015;6;10.4;0.0
LAGOA VERMELHA;2015;7;5.4;0.0
LAGOA VERMELHA;2015;8;41.4;17.4
LAGOA VERMELHA;2015;9;117.0;9.3
LAGOA VERMELHA;2015;10;0.0;0.0
LAGOA VERMELHA;2015;11;80.2;0.0
LAGOA VERMELHA;2015;12;255.4;20.7
LAGOA VERMELHA;2016;1;148.4;21.3
LAGOA VERMELHA;2016;2;175.0;21.15
LAGOA VERMELHA;2016;3;202.8;18.15
LAGOA VERMELHA;2016;4;175.6;21.0
LAGOA VERMELHA;2016;5;90.2;12.7
LAGOA VERMELHA;2016;6;27.6;8.125
LAGOA VERMELHA;2016;7;218.2;11.45
LAGOA VERMELHA;2016;8;156.6;12.15
LAGOA VERMELHA;2016;9;69.2;12.8
LAGOA VERMELHA;2016;10;336.6;15.5
LAGOA VERMELHA;2016;11;114.4;18.4
LAGOA VERMELHA;2016;12;160.6;20.25
LAGOA VERMELHA;2017;1;170.6;21.2
LAGOA VERMELHA;2017;2;103.4;21.475
LAGOA VERMELHA;2017;3;117.8;19.25
LAGOA VERMELHA;2017;4;187.0;16.45
LAGOA VERMELHA;2017;5;390.2;14.95
LAGOA VERMELHA;2017;6;175.6;13.075
LAGOA VERMELHA;2017;7;10.0;13.55
LAGOA VERMELHA;2017;8;167.4;13.75
LAGOA VERMELHA;2017;9;113.2;17.1
LAGOA VERMELHA;2017;10;168.2;16.25
LAGOA VERMELHA;2017;11;144.4;17.175
LAGOA VERMELHA;2017;12;151.0;20.85
LAGOA VERMELHA;2018;1;177.6;19.9
LAGOA VERMELHA;2018;2;89.6;19.4
LAGOA VERMELHA;2018;3;142.8;19.55
LAGOA VERMELHA;2018;4;52.6;19.15
LAGOA VERMELHA;2018;5;107.4;13.9
LAGOA VERMELHA;2018;6;157.0;11.25
LAGOA VERMELHA;2018;7;119.4;13.35
LAGOA VERMELHA;2018;8;129.6;11.3
LAGOA VERMELHA;2018;9;196.2;15.2
LAGOA VERMELHA;2018;10;245.8;16.35
LAGOA VERMELHA;2018;11;256.2;18.925
LAGOA VERMELHA;2018;12;145.4;19.85
LAGOA VERMELHA;2019;1;135.6;21.9
LAGOA VERMELHA;2019;2;169.2;19.825
LAGOA VERMELHA;2019;3;175.2;18.25
LAGOA VERMELHA;2019;4;113.6;17.725
LAGOA VERMELHA;2019;5;220.4;15.5
LAGOA VERMELHA;2019;6;35.2;14.425
LAGOA VERMELHA;2019;7;108.8;12.25
LAGOA VERMELHA;2019;8;55.0;11.7
LAGOA VERMELHA;2019;9;63.2;15.05
LAGOA VERMELHA;2019;10;312.0;17.6
LAGOA VERMELHA;2019;11;118.8;18.5
LAGOA VERMELHA;2019;12;93.6;20.8
LAGOA VERMELHA;2020;1;183.4;15.8
LAGOA VERMELHA;2020;2;109.0;15.6
LAGOA VERMELHA;2020;3;18.4;13.75
LAGOA VERMELHA;2020;4;44.0;10.25
LAGOA VERMELHA;2020;5;164.0;7.05
LAGOA VERMELHA;2020;6;249.6;11.5
LAGOA VERMELHA;2020;7;327.6;10.9
LAGOA VERMELHA;2020;8;91.4;8.8
LAGOA VERMELHA;2020;9;115.8;12.675
LAGOA VERMELHA;2020;10;66.0;12.1
LAGOA VERMELHA;2020;11;70.8;12.95
LAGOA VERMELHA;2020;12;104.0;15.4
LAGOA VERMELHA;2021;1;287.0;17.5
LAGOA VERMELHA;2021;2;30.4;15.025
LAGOA VERMELHA;2021;3;237.8;16.75
LAGOA VERMELHA;2021;4;13.2;12.25
LAGOA VERMELHA;2021;5;16.4;9.0
LAGOA VERMELHA;2021;6;18.4;9.575
LAGOA VERMELHA;2021;7;4.2;6.95
LAGOA VERMELHA;2021;8;22.8;10.6
LAGOA VERMELHA;2021;9;210.4;12.925
LAGOA VERMELHA;2021;10;129.0;12.4
LAGOA VERMELHA;2021;11;91.2;13.45
LAGOA VERMELHA;2021;12;25.8;13.65
LAGOA VERMELHA;2022;1;66.0;17.05
LAGOA VERMELHA;2022;2;61.8;16.075
LAGOA VERMELHA;2022;3;123.4;16.4
LAGOA VERMELHA;2022;4;125.8;14.4
LAGOA VERMELHA;2022;5;209.4;10.5
LAGOA VERMELHA;2022;6;297.4;8.575
LAGOA VERMELHA;2022;7;67.6;11.65
LAGOA VERMELHA;2022;8;132.2;9.15
LAGOA VERMELHA;2022;9;72.8;8.75
LAGOA VERMELHA;2022;10;163.8;12.55
LAGOA VERMELHA;2022;11;30.4;9.875
LAGOA VERMELHA;2022;12;106.6;15.45
LAGOA VERMELHA;2023;1;50.0;16.2
LAGOA VERMELHA;2023;2;62.0;15.4
LAGOA VERMELHA;2023;3;49.8;17.0
LAGOA VERMELHA;2023;4;75.2;12.725
LAGOA VERMELHA;2023;5;114.6;10.7
LAGOA VERMELHA;2023;6;129.4;10.575
LAGOA VERMELHA;2023;7;163.0;11.25
LAGOA VERMELHA;2023;8;64.2;10.6
LAGOA VERMELHA;2023;9;322.4;14.425
LAGOA VERMELHA;2023;10;398.8;13.6
LAGOA VERMELHA;2023;11;386.0;15.25
LAGOA VERMELHA;2023;12;107.6;16.95
LAGOA VERMELHA;2024;1;159.0;16.65
LAGOA VERMELHA;2024;2;128.8;18.3
LAGOA VERMELHA;2024;3;92.2;16.4
LAGOA VERMELHA;2024;4;174.6;17.025
LAGOA VERMELHA;2024;5;344.0;13.55
LAGOA VERMELHA;2024;6;207.8;12.425
LAGOA VERMELHA;2024;7;133.0;9.25
LAGOA VERMELHA;2024;8;87.0;10.75
LAGOA VERMELHA;2024;9;120.6;12.375
LAGOA VERMELHA;2024;10;197.8;13.9
LAGOA VERMELHA;2024;11;51.2;15.025
LAGOA VERMELHA;2024;12;168.2;14.9
LAGOA VERMELHA;2025;1;65.6;16.5
LAGOA VERMELHA;2025;2;66.0;17.825
LAGOA VERMELHA;2025;3;8.4;16.4
LAGOA VERMELHA;2025;4;93.8;13.7
LAGOA VERMELHA;2025;5;66.0;12.1
LAGOA VERMELHA;2025;6;423.0;9.625
LAGOA VERMELHA;2025;7;60.0;7.25
LAGOA VERMELHA;2025;8;127.0;9.95
LAGOA VERMELHA;2025;9;244.4;11.475
LAGOA VERMELHA;2025;10;173.6;12.15
LAGOA VERMELHA;2025;11;87.8;13.7
LAGOA VERMELHA;2025;12;110.8;15.125
PALMEIRA DAS MISSOES;2015;1;84.0;21.7
PALMEIRA DAS MISSOES;2015;2;88.8;21.8
PALMEIRA DAS MISSOES;2015;3;0.0;21.75
PALMEIRA DAS MISSOES;2015;4;0.0;18.675
PALMEIRA DAS MISSOES;2015;5;0.0;16.0
PALMEIRA DAS MISSOES;2015;6;0.0;14.15
PALMEIRA DAS MISSOES;2015;7;0.0;12.3
PALMEIRA DAS MISSOES;2015;8;0.0;20.25
PALMEIRA DAS MISSOES;2015;9;0.0;15.35
PALMEIRA DAS MISSOES;2015;10;0.0;18.65
PALMEIRA DAS MISSOES;2015;11;116.2;19.3
PALMEIRA DAS MISSOES;2015;12;284.2;21.45
PALMEIRA DAS MISSOES;2016;1;101.6;23.9
PALMEIRA DAS MISSOES;2016;2;206.8;22.45
PALMEIRA DAS MISSOES;2016;3;125.2;19.45
PALMEIRA DAS MISSOES;2016;4;134.6;22.05
PALMEIRA DAS MISSOES;2016;5;71.4;11.3
PALMEIRA DAS MISSOES;2016;6;0.4;0.0
PALMEIRA DAS MISSOES;2016;7;100.8;8.6
PALMEIRA DAS MISSOES;2016;8;193.4;14.45
PALMEIRA DAS MISSOES;2016;9;48.4;13.75
PALMEIRA DAS MISSOES;2016;10;276.6;17.9
PALMEIRA DAS MISSOES;2016;11;100.4;19.975
PALMEIRA DAS MISSOES;2016;12;179.8;21.9
PALMEIRA DAS MISSOES;2017;1;107.4;22.65
PALMEIRA DAS MISSOES;2017;2;125.0;22.25
PALMEIRA DAS MISSOES;2017;3;125.4;20.75
PALMEIRA DAS MISSOES;2017;4;350.6;17.75
PALMEIRA DAS MISSOES;2017;5;390.8;15.95
PALMEIRA DAS MISSOES;2017;6;217.8;14.6
PALMEIRA DAS MISSOES;2017;7;20.0;16.35
PALMEIRA DAS MISSOES;2017;8;158.8;15.45
PALMEIRA DAS MISSOES;2017;9;76.8;19.3
PALMEIRA DAS MISSOES;2017;10;381.4;18.3
PALMEIRA DAS MISSOES;2017;11;241.8;19.575
PALMEIRA DAS MISSOES;2017;12;74.8;22.6
PALMEIRA DAS MISSOES;2018;1;238.6;21.45
PALMEIRA DAS MISSOES;2018;2;67.4;21.175
PALMEIRA DAS MISSOES;2018;3;168.0;20.4
PALMEIRA DAS MISSOES;2018;4;34.0;21.425
PALMEIRA DAS MISSOES;2018;5;152.0;17.15
PALMEIRA DAS MISSOES;2018;6;180.0;11.275
PALMEIRA DAS MISSOES;2018;7;98.2;13.15
PALMEIRA DAS MISSOES;2018;8;1.6;0.0
PALMEIRA DAS MISSOES;2018;9;0.0;0.0
PALMEIRA DAS MISSOES;2018;10;0.0;0.0
PALMEIRA DAS MISSOES;2018;11;155.4;0.0
PALMEIRA DAS MISSOES;2018;12;59.8;22.25
PALMEIRA DAS MISSOES;2019;1;176.6;23.25
PALMEIRA DAS MISSOES;2019;2;195.0;20.8
PALMEIRA DAS MISSOES;2019;3;138.6;19.5
PALMEIRA DAS MISSOES;2019;4;149.4;19.55
PALMEIRA DAS MISSOES;2019;5;256.2;16.6
PALMEIRA DAS MISSOES;2019;6;32.6;17.25
PALMEIRA DAS MISSOES;2019;7;85.4;12.75
PALMEIRA DAS MISSOES;2019;8;67.0;13.25
PALMEIRA DAS MISSOES;2019;9;45.8;16.075
PALMEIRA DAS MISSOES;2019;10;210.0;19.4
PALMEIRA DAS MISSOES;2019;11;126.2;20.65
PALMEIRA DAS MISSOES;2019;12;115.8;22.15
PALMEIRA DAS MISSOES;2020;1;171.8;18.65
PALMEIRA DAS MISSOES;2020;2;67.8;17.2
PALMEIRA DAS MISSOES;2020;3;54.0;13.75
PALMEIRA DAS MISSOES;2020;4;54.0;10.85
PALMEIRA DAS MISSOES;2020;5;80.4;8.7
PALMEIRA DAS MISSOES;2020;6;105.2;12.475
PALMEIRA DAS MISSOES;2020;7;0.0;9.45
PALMEIRA DAS MISSOES;2020;8;80.8;10.35
PALMEIRA DAS MISSOES;2020;9;86.0;12.95
PALMEIRA DAS MISSOES;2020;10;19.6;12.8
PALMEIRA DAS MISSOES;2020;11;0.0;12.45
PALMEIRA DAS MISSOES;2020;12;37.8;17.15
PALMEIRA DAS MISSOES;2021;1;146.2;18.75
PALMEIRA DAS MISSOES;2021;2;0.0;16.85
PALMEIRA DAS MISSOES;2021;3;62.4;17.9
PALMEIRA DAS MISSOES;2021;4;9.2;13.375
PALMEIRA DAS MISSOES;2021;5;0.0;8.8
PALMEIRA DAS MISSOES;2021;6;0.0;11.075
PALMEIRA DAS MISSOES;2021;7;38.6;7.4
PALMEIRA DAS MISSOES;2021;8;50.4;11.15
PALMEIRA DAS MISSOES;2021;9;0.0;13.875
PALMEIRA DAS MISSOES;2021;10;47.0;13.3
PALMEIRA DAS MISSOES;2021;11;53.8;14.5
PALMEIRA DAS MISSOES;2021;12;2.8;15.0
PALMEIRA DAS MISSOES;2022;1;72.6;17.8
PALMEIRA DAS MISSOES;2022;2;96.8;15.325
PALMEIRA DAS MISSOES;2022;3;251.0;17.0
PALMEIRA DAS MISSOES;2022;4;202.2;14.75
PALMEIRA DAS MISSOES;2022;5;137.8;10.675
PALMEIRA DAS MISSOES;2022;6;0.0;7.5
PALMEIRA DAS MISSOES;2022;7;0.0;15.0
PALMEIRA DAS MISSOES;2022;8;0.0;
PALMEIRA DAS MISSOES;2022;9;21.8;12.8
PALMEIRA DAS MISSOES;2022;10;214.8;13.25
PALMEIRA DAS MISSOES;2022;11;34.4;9.8
PALMEIRA DAS MISSOES;2022;12;45.8;15.65
PALMEIRA DAS MISSOES;2023;1;76.8;17.45
PALMEIRA DAS MISSOES;2023;2;83.0;16.45
PALMEIRA DAS MISSOES;2023;3;102.4;18.25
PALMEIRA DAS MISSOES;2023;4;55.4;14.3
PALMEIRA DAS MISSOES;2023;5;143.0;12.35
PALMEIRA DAS MISSOES;2023;6;154.4;12.325
PALMEIRA DAS MISSOES;2023;7;167.8;13.15
PALMEIRA DAS MISSOES;2023;8;100.0;12.55
PALMEIRA DAS MISSOES;2023;9;378.2;16.0
PALMEIRA DAS MISSOES;2023;10;599.6;15.15
PALMEIRA DAS MISSOES;2023;11;440.6;17.475
PALMEIRA DAS MISSOES;2023;12;216.2;19.25
PALMEIRA DAS MISSOES;2024;1;195.0;18.0
PALMEIRA DAS MISSOES;2024;2;138.2;20.05
PALMEIRA DAS MISSOES;2024;3;212.4;18.3
PALMEIRA DAS MISSOES;2024;4;244.8;18.3
PALMEIRA DAS MISSOES;2024;5;457.6;14.45
PALMEIRA DAS MISSOES;2024;6;200.6;13.8
PALMEIRA DAS MISSOES;2024;7;73.6;9.8
PALMEIRA DAS MISSOES;2024;8;101.8;9.95
PALMEIRA DAS MISSOES;2024;9;117.4;10.9
PALMEIRA DAS MISSOES;2024;10;213.6;12.35
PALMEIRA DAS MISSOES;2024;11;90.8;14.625
PALMEIRA DAS MISSOES;2024;12;190.2;13.5
PALMEIRA DAS MISSOES;2025;1;104.6;15.7
PALMEIRA DAS MISSOES;2025;2;86.2;15.625
PALMEIRA DAS MISSOES;2025;3;100.4;13.3
PALMEIRA DAS MISSOES;2025;4;166.8;11.1
PALMEIRA DAS MISSOES;2025;5;159.2;10.3
PALMEIRA DAS MISSOES;2025;6;368.4;7.9
PALMEIRA DAS MISSOES;2025;7;57.6;3.95
PALMEIRA DAS MISSOES;2025;8;109.8;7.15
PALMEIRA DAS MISSOES;2025;9;85.8;10.25
PALMEIRA DAS MISSOES;2025;10;0.0;
PALMEIRA DAS MISSOES;2025;11;0.0;
PALMEIRA DAS MISSOES;2025;12;47.4;19.9
PASSO FUNDO;2015;1;285.2;20.75
PASSO FUNDO;2015;2;110.0;21.0
PASSO FUNDO;2015;3;44.0;21.35
PASSO FUNDO;2015;4;148.6;17.875
PASSO FUNDO;2015;5;169.4;15.2
PASSO FUNDO;2015;6;178.2;12.625
PASSO FUNDO;2015;7;340.2;12.7
PASSO FUNDO;2015;8;56.6;17.5
PASSO FUNDO;2015;9;204.2;15.4
PASSO FUNDO;2015;10;263.6;17.1
PASSO FUNDO;2015;11;207.6;19.1
PASSO FUNDO;2015;12;362.4;21.2
PASSO FUNDO;2016;1;199.6;22.65
PASSO FUNDO;2016;2;217.6;22.25
PASSO FUNDO;2016;3;206.0;19.1
PASSO FUNDO;2016;4;190.8;21.425
PASSO FUNDO;2016;5;75.0;13.15
PASSO FUNDO;2016;6;20.0;8.475
PASSO FUNDO;2016;7;198.6;12.25
PASSO FUNDO;2016;8;189.8;12.8
PASSO FUNDO;2016;9;69.4;13.95
PASSO FUNDO;2016;10;361.2;16.5
PASSO FUNDO;2016;11;78.8;19.45
PASSO FUNDO;2016;12;188.0;21.55
PASSO FUNDO;2017;1;177.4;21.8
PASSO FUNDO;2017;2;192.2;22.0
PASSO FUNDO;2017;3;180.8;19.9
PASSO FUNDO;2017;4;296.8;17.775
PASSO FUNDO;2017;5;309.8;15.0
PASSO FUNDO;2017;6;83.2;13.725
PASSO FUNDO;2017;7;0.4;0.0
PASSO FUNDO;2017;8;168.0;14.55
PASSO FUNDO;2017;9;66.0;18.3
PASSO FUNDO;2017;10;131.6;16.8
PASSO FUNDO;2017;11;181.4;18.475
PASSO FUNDO;2017;12;76.2;21.9
PASSO FUNDO;2018;1;197.8;21.2
PASSO FUNDO;2018;2;66.4;20.45
PASSO FUNDO;2018;3;165.4;20.45
PASSO FUNDO;2018;4;69.4;20.1
PASSO FUNDO;2018;5;88.2;14.95
PASSO FUNDO;2018;6;189.2;11.025
PASSO FUNDO;2018;7;107.4;13.4
PASSO FUNDO;2018;8;125.4;11.0
PASSO FUNDO;2018;9;224.8;15.775
PASSO FUNDO;2018;10;328.0;17.75
PASSO FUNDO;2018;11;205.6;20.25
PASSO FUNDO;2018;12;94.0;21.0
PASSO FUNDO;2019;1;90.2;22.25
PASSO FUNDO;2019;2;189.4;19.95
PASSO FUNDO;2019;3;116.2;19.3
PASSO FUNDO;2019;4;56.2;18.8
PASSO FUNDO;2019;5;226.4;16.1
PASSO FUNDO;2019;6;37.8;15.35
PASSO FUNDO;2019;7;101.6;12.65
PASSO FUNDO;2019;8;74.8;12.5
PASSO FUNDO;2019;9;45.0;15.45
PASSO FUNDO;2019;10;327.0;18.2
PASSO FUNDO;2019;11;113.2;19.525
PASSO FUNDO;2019;12;60.0;21.5
PASSO FUNDO;2020;1;206.2;17.3
PASSO FUNDO;2020;2;78.6;17.2
PASSO FUNDO;2020;3;17.2;13.8
PASSO FUNDO;2020;4;37.4;10.35
PASSO FUNDO;2020;5;140.8;7.6
PASSO FUNDO;2020;6;114.6;12.05
PASSO FUNDO;2020;7;75.6;8.25
PASSO FUNDO;2020;8;94.6;9.95
PASSO FUNDO;2020;9;92.0;12.8
PASSO FUNDO;2020;10;76.4;13.45
PASSO FUNDO;2020;11;98.0;12.5
PASSO FUNDO;2020;12;117.8;16.65
PASSO FUNDO;2021;1;207.6;18.25
PASSO FUNDO;2021;2;71.8;16.5
PASSO FUNDO;2021;3;170.4;17.35
PASSO FUNDO;2021;4;10.0;12.85
PASSO FUNDO;2021;5;131.8;8.85
PASSO FUNDO;2021;6;181.6;10.4
PASSO FUNDO;2021;7;35.8;7.85
PASSO FUNDO;2021;8;75.8;11.4
PASSO FUNDO;2021;9;201.8;13.95
PASSO FUNDO;2021;10;170.8;12.85
PASSO FUNDO;2021;11;44.0;13.825
PASSO FUNDO;2021;12;33.8;14.45
PASSO FUNDO;2022;1;71.0;18.2
PASSO FUNDO;2022;2;205.0;16.7
PASSO FUNDO;2022;3;196.6;17.0
PASSO FUNDO;2022;4;279.0;14.65
PASSO FUNDO;2022;5;338.6;11.05
PASSO FUNDO;2022;6;313.4;9.35
PASSO FUNDO;2022;7;72.8;12.55
PASSO FUNDO;2022;8;121.0;10.15
PASSO FUNDO;2022;9;58.4;10.65
PASSO FUNDO;2022;10;176.2;13.15
PASSO FUNDO;2022;11;79.2;10.45
PASSO FUNDO;2022;12;52.4;15.8
PASSO FUNDO;2023;1;149.8;16.8
PASSO FUNDO;2023;2;85.0;16.3
PASSO FUNDO;2023;3;122.8;17.75
PASSO FUNDO;2023;4;70.6;13.3
PASSO FUNDO;2023;5;95.8;11.7
PASSO FUNDO;2023;6;145.0;11.375
PASSO FUNDO;2023;7;235.4;12.15
PASSO FUNDO;2023;8;105.8;11.55
PASSO FUNDO;2023;9;484.8;15.25
PASSO FUNDO;2023;10;485.0;15.25
PASSO FUNDO;2023;11;533.2;16.225
PASSO FUNDO;2023;12;197.6;17.7
PASSO FUNDO;2024;1;220.8;17.6
PASSO FUNDO;2024;2;305.4;19.0
PASSO FUNDO;2024;3;184.2;17.9
PASSO FUNDO;2024;4;246.6;17.55
PASSO FUNDO;2024;5;383.2;13.7
PASSO FUNDO;2024;6;259.6;13.15
PASSO FUNDO;2024;7;68.6;9.85
PASSO FUNDO;2024;8;108.6;11.55
PASSO FUNDO;2024;9;140.6;13.625
PASSO FUNDO;2024;10;195.2;14.6
PASSO FUNDO;2024;11;67.8;16.15
PASSO FUNDO;2024;12;217.0;15.65
PASSO FUNDO;2025;1;67.8;17.55
PASSO FUNDO;2025;2;88.2;18.7
PASSO FUNDO;2025;3;34.8;17.15
PASSO FUNDO;2025;4;102.4;14.65
PASSO FUNDO;2025;5;80.8;12.45
PASSO FUNDO;2025;6;120.6;8.95
PASSO FUNDO;2025;7;21.2;8.0
PASSO FUNDO;2025;8;76.2;11.1
PASSO FUNDO;2025;9;122.8;12.35
PASSO FUNDO;2025;10;73.0;13.2
PASSO FUNDO;2025;11;99.4;13.4
PASSO FUNDO;2025;12;114.4;18.1
PORTO ALEGRE;2015;1;159.8;25.35
PORTO ALEGRE;2015;2;99.4;24.0
PORTO ALEGRE;2015;3;54.0;23.45
PORTO ALEGRE;2015;4;76.0;20.925
PORTO ALEGRE;2015;5;142.4;17.9
PORTO ALEGRE;2015;6;172.4;14.775
PORTO ALEGRE;2015;7;313.4;15.05
PORTO ALEGRE;2015;8;111.6;19.45
PORTO ALEGRE;2015;9;186.6;16.925
PORTO ALEGRE;2015;10;312.6;18.6
PORTO ALEGRE;2015;11;124.8;20.325
PORTO ALEGRE;2015;12;100.2;23.0
PORTO ALEGRE;2016;1;113.0;25.3
PORTO ALEGRE;2016;2;58.6;25.3
PORTO ALEGRE;2016;3;308.8;21.95
PORTO ALEGRE;2016;4;217.2;22.3
PORTO ALEGRE;2016;5;73.2;14.1
PORTO ALEGRE;2016;6;7.4;11.075
PORTO ALEGRE;2016;7;152.2;13.1
PORTO ALEGRE;2016;8;106.0;14.55
PORTO ALEGRE;2016;9;91.6;15.225
PORTO ALEGRE;2016;10;196.4;18.7
PORTO ALEGRE;2016;11;106.8;20.525
PORTO ALEGRE;2016;12;130.2;24.6
PORTO ALEGRE;2017;1;194.8;24.95
PORTO ALEGRE;2017;2;43.0;25.625
PORTO ALEGRE;2017;3;162.2;22.2
PORTO ALEGRE;2017;4;113.0;19.675
PORTO ALEGRE;2017;5;179.8;17.4
PORTO ALEGRE;2017;6;197.0;15.975
PORTO ALEGRE;2017;7;17.0;16.9
PORTO ALEGRE;2017;8;104.4;15.8
PORTO ALEGRE;2017;9;166.4;19.35
PORTO ALEGRE;2017;10;289.8;19.5
PORTO ALEGRE;2017;11;136.0;20.275
PORTO ALEGRE;2017;12;153.2;23.45
PORTO ALEGRE;2018;1;149.8;23.9
PORTO ALEGRE;2018;2;110.4;23.125
PORTO ALEGRE;2018;3;116.6;22.4
PORTO ALEGRE;2018;4;88.8;22.475
PORTO ALEGRE;2018;5;91.8;18.65
PORTO ALEGRE;2018;6;145.2;12.025
PORTO ALEGRE;2018;7;167.6;13.65
PORTO ALEGRE;2018;8;147.2;12.7
PORTO ALEGRE;2018;9;147.0;18.45
PORTO ALEGRE;2018;10;91.6;19.85
PORTO ALEGRE;2018;11;129.2;22.0
PORTO ALEGRE;2018;12;61.4;23.6
PORTO ALEGRE;2019;1;117.6;26.55
PORTO ALEGRE;2019;2;95.8;24.125
PORTO ALEGRE;2019;3;80.2;22.6
PORTO ALEGRE;2019;4;238.0;20.975
PORTO ALEGRE;2019;5;250.6;18.15
PORTO ALEGRE;2019;6;67.8;18.175
PORTO ALEGRE;2019;7;134.2;13.0
PORTO ALEGRE;2019;8;79.4;13.9
PORTO ALEGRE;2019;9;90.8;16.275
PORTO ALEGRE;2019;10;277.0;19.85
PORTO ALEGRE;2019;11;91.2;21.625
PORTO ALEGRE;2019;12;20.2;23.7
PORTO ALEGRE;2020;1;81.6;19.05
PORTO ALEGRE;2020;2;83.0;19.1
PORTO ALEGRE;2020;3;23.4;18.0
PORTO ALEGRE;2020;4;30.8;14.85
PORTO ALEGRE;2020;5;132.2;11.75
PORTO ALEGRE;2020;6;235.2;13.25
PORTO ALEGRE;2020;7;262.0;9.75
PORTO ALEGRE;2020;8;78.4;12.2
PORTO ALEGRE;2020;9;230.2;14.075
PORTO ALEGRE;2020;10;97.0;14.4
PORTO ALEGRE;2020;11;52.4;17.2
PORTO ALEGRE;2020;12;119.0;18.65
PORTO ALEGRE;2021;1;129.0;20.175
PORTO ALEGRE;2021;2;30.2;19.05
PORTO ALEGRE;2021;3;79.2;19.35
PORTO ALEGRE;2021;4;27.0;16.375
PORTO ALEGRE;2021;5;164.8;10.75
PORTO ALEGRE;2021;6;173.2;11.725
PORTO ALEGRE;2021;7;46.6;10.1
PORTO ALEGRE;2021;8;135.0;13.35
PORTO ALEGRE;2021;9;202.2;14.725
PORTO ALEGRE;2021;10;60.4;13.75
PORTO ALEGRE;2021;11;85.0;14.85
PORTO ALEGRE;2021;12;88.4;17.7
PORTO ALEGRE;2022;1;195.2;21.15
PORTO ALEGRE;2022;2;29.0;19.575
PORTO ALEGRE;2022;3;184.8;19.35
PORTO ALEGRE;2022;4;116.2;16.15
PORTO ALEGRE;2022;5;153.8;13.15
PORTO ALEGRE;2022;6;99.0;10.375
PORTO ALEGRE;2022;7;150.2;14.45
PORTO ALEGRE;2022;8;103.6;11.6
PORTO ALEGRE;2022;9;73.2;12.525
PORTO ALEGRE;2022;10;96.2;14.75
PORTO ALEGRE;2022;11;52.2;15.525
PORTO ALEGRE;2022;12;98.8;17.0
PORTO ALEGRE;2023;1;154.0;20.25
PORTO ALEGRE;2023;2;268.2;19.8
PORTO ALEGRE;2023;3;181.2;21.075
PORTO ALEGRE;2023;4;85.2;16.125
PORTO ALEGRE;2023;5;280.8;13.875
PORTO ALEGRE;2023;6;436.2;13.525
PORTO ALEGRE;2023;7;405.4;12.85
PORTO ALEGRE;2023;8;150.4;12.15
PORTO ALEGRE;2023;9;770.0;15.075
PORTO ALEGRE;2023;10;209.4;14.9
PORTO ALEGRE;2023;11;576.0;17.425
PORTO ALEGRE;2023;12;199.0;20.55
PORTO ALEGRE;2024;1;347.4;19.7
PORTO ALEGRE;2024;2;152.8;21.7
PORTO ALEGRE;2024;3;171.6;20.45
PORTO ALEGRE;2024;4;550.8;19.125
PORTO ALEGRE;2024;5;1047.8;14.05
PORTO ALEGRE;2024;6;351.6;15.6
PORTO ALEGRE;2024;7;167.2;10.35
PORTO ALEGRE;2024;8;114.6;12.625
PORTO ALEGRE;2024;9;421.2;15.2
PORTO ALEGRE;2024;10;135.2;16.25
PORTO ALEGRE;2024;11;140.4;17.7
PORTO ALEGRE;2024;12;487.0;17.175
PORTO ALEGRE;2025;1;86.6;19.85
PORTO ALEGRE;2025;2;137.6;20.925
PORTO ALEGRE;2025;3;62.4;19.85
PORTO ALEGRE;2025;4;50.8;16.65
PORTO ALEGRE;2025;5;197.4;14.7
PORTO ALEGRE;2025;6;265.4;9.775
PORTO ALEGRE;2025;7;91.2;10.3
PORTO ALEGRE;2025;8;211.6;11.4
PORTO ALEGRE;2025;9;212.0;13.975
PORTO ALEGRE;2025;10;109.8;15.0
PORTO ALEGRE;2025;11;39.9;16.2
PORTO ALEGRE;2025;12;149.8;19.8
RIO GRANDE;2015;1;186.4;24.1
RIO GRANDE;2015;2;0.8;0.0
RIO GRANDE;2015;3;1.8;0.0
RIO GRANDE;2015;4;4.8;19.475
RIO GRANDE;2015;5;126.8;17.85
RIO GRANDE;2015;6;122.8;14.3
RIO GRANDE;2015;7;148.0;14.0
RIO GRANDE;2015;8;62.2;17.65
RIO GRANDE;2015;9;278.8;15.175
RIO GRANDE;2015;10;203.8;16.4
RIO GRANDE;2015;11;124.2;19.15
RIO GRANDE;2015;12;136.6;22.25
RIO GRANDE;2016;1;66.0;23.75
RIO GRANDE;2016;2;151.0;24.35
RIO GRANDE;2016;3;189.8;21.4
RIO GRANDE;2016;4;188.6;21.275
RIO GRANDE;2016;5;0.6;0.0
RIO GRANDE;2016;6;0.0;0.0
RIO GRANDE;2016;7;30.6;0.0
RIO GRANDE;2016;8;121.6;13.5
RIO GRANDE;2016;9;87.6;13.4
RIO GRANDE;2016;10;76.8;16.4
RIO GRANDE;2016;11;105.4;19.95
RIO GRANDE;2016;12;82.0;22.4
RIO GRANDE;2017;1;61.8;23.95
RIO GRANDE;2017;2;74.8;25.425
RIO GRANDE;2017;3;169.2;22.3
RIO GRANDE;2017;4;93.4;19.45
RIO GRANDE;2017;5;175.8;17.55
RIO GRANDE;2017;6;35.6;14.475
RIO GRANDE;2017;7;31.2;15.95
RIO GRANDE;2017;8;0.0;0.0
RIO GRANDE;2017;9;27.4;0.0
RIO GRANDE;2017;10;232.4;18.5
RIO GRANDE;2017;11;30.8;19.275
RIO GRANDE;2017;12;30.2;21.6
RIO GRANDE;2018;1;97.2;23.6
RIO GRANDE;2018;2;65.4;22.9
RIO GRANDE;2018;3;76.0;21.9
RIO GRANDE;2018;4;82.0;22.075
RIO GRANDE;2018;5;54.8;17.5
RIO GRANDE;2018;6;0.0;11.1
RIO GRANDE;2018;7;225.8;12.3
RIO GRANDE;2018;8;75.4;12.75
RIO GRANDE;2018;9;147.6;16.55
RIO GRANDE;2018;10;19.8;18.3
RIO GRANDE;2018;11;0.0;21.075
RIO GRANDE;2018;12;46.2;22.25
RIO GRANDE;2019;1;222.2;24.35
RIO GRANDE;2019;2;31.8;23.7
RIO GRANDE;2019;3;23.6;22.05
RIO GRANDE;2019;4;63.8;20.075
RIO GRANDE;2019;5;44.2;18.25
RIO GRANDE;2019;6;38.4;16.85
RIO GRANDE;2019;7;120.6;11.3
RIO GRANDE;2019;8;97.4;13.3
RIO GRANDE;2019;9;163.6;14.775
RIO GRANDE;2019;10;196.6;18.45
RIO GRANDE;2019;11;45.8;20.8
RIO GRANDE;2019;12;38.8;22.45
RIO GRANDE;2020;1;38.4;17.65
RIO GRANDE;2020;2;25.4;17.65
RIO GRANDE;2020;3;30.6;18.05
RIO GRANDE;2020;4;50.6;13.725
RIO GRANDE;2020;5;100.8;10.6
RIO GRANDE;2020;6;226.4;11.65
RIO GRANDE;2020;7;82.0;7.4
RIO GRANDE;2020;8;44.2;11.6
RIO GRANDE;2020;9;158.2;10.45
RIO GRANDE;2020;10;122.8;13.25
RIO GRANDE;2020;11;29.8;15.325
RIO GRANDE;2020;12;119.0;17.35
RIO GRANDE;2021;1;192.4;19.65
RIO GRANDE;2021;2;156.4;18.95
RIO GRANDE;2021;3;140.4;17.7
RIO GRANDE;2021;4;41.8;16.175
RIO GRANDE;2021;5;25.6;8.95
RIO GRANDE;2021;6;83.0;9.975
RIO GRANDE;2021;7;64.2;9.7
RIO GRANDE;2021;8;112.0;12.3
RIO GRANDE;2021;9;172.8;13.525
RIO GRANDE;2021;10;63.0;12.3
RIO GRANDE;2021;11;49.6;14.55
RIO GRANDE;2021;12;18.2;15.8
RIO GRANDE;2022;1;70.4;20.45
RIO GRANDE;2022;2;50.8;18.15
RIO GRANDE;2022;3;65.4;16.6
RIO GRANDE;2022;4;123.8;15.775
RIO GRANDE;2022;5;57.2;11.25
RIO GRANDE;2022;6;84.6;9.45
RIO GRANDE;2022;7;173.8;12.1
RIO GRANDE;2022;8;118.0;8.65
RIO GRANDE;2022;9;56.6;11.325
RIO GRANDE;2022;10;93.2;13.45
RIO GRANDE;2022;11;49.8;15.55
RIO GRANDE;2022;12;17.4;17.1
RIO GRANDE;2023;1;33.4;18.65
RIO GRANDE;2023;2;41.8;19.0
RIO GRANDE;2023;3;100.6;21.1
RIO GRANDE;2023;4;35.0;14.825
RIO GRANDE;2023;5;138.6;14.15
RIO GRANDE;2023;6;79.0;12.825
RIO GRANDE;2023;7;264.2;11.95
RIO GRANDE;2023;8;81.2;10.2
RIO GRANDE;2023;9;466.2;13.8
RIO GRANDE;2023;10;60.6;14.3
RIO GRANDE;2023;11;154.2;16.4
RIO GRANDE;2023;12;6.8;21.9
RIO GRANDE;2024;1;0.0;18.3
RIO GRANDE;2024;2;114.4;20.85
RIO GRANDE;2024;3;100.0;20.3
RIO GRANDE;2024;4;316.2;17.925
RIO GRANDE;2024;5;316.8;12.8
RIO GRANDE;2024;6;140.6;14.9
RIO GRANDE;2024;7;12.8;9.25
RIO GRANDE;2024;8;243.2;12.15
RIO GRANDE;2024;9;291.2;14.975
RIO GRANDE;2024;10;134.6;15.65
RIO GRANDE;2024;11;81.2;17.9
RIO GRANDE;2024;12;120.6;16.6
RIO GRANDE;2025;1;84.8;19.2
RIO GRANDE;2025;2;112.2;21.4
RIO GRANDE;2025;3;175.2;19.4
RIO GRANDE;2025;4;159.4;15.85
RIO GRANDE;2025;5;69.0;17.7
RIO GRANDE;2025;6;120.4;12.1
RIO GRANDE;2025;7;99.2;11.1
RIO GRANDE;2025;8;103.2;11.55
RIO GRANDE;2025;9;95.0;12.2
RIO GRANDE;2025;10;52.2;14.6
RIO GRANDE;2025;11;48.4;14.8
RIO GRANDE;2025;12;86.1;19.85
RIO PARDO;2015;1;192.6;23.1
RIO PARDO;2015;2;121.6;22.425
RIO PARDO;2015;3;14.8;22.15
RIO PARDO;2015;4;76.0;19.6
RIO PARDO;2015;5;125.8;16.8
RIO PARDO;2015;6;149.4;14.55
RIO PARDO;2015;7;285.4;14.1
RIO PARDO;2015;8;100.0;17.85
RIO PARDO;2015;9;162.0;16.45
RIO PARDO;2015;10;413.0;18.15
RIO PARDO;2015;11;189.8;19.65
RIO PARDO;2015;12;185.4;21.75
RIO PARDO;2016;1;80.2;24.1
RIO PARDO;2016;2;76.8;23.65
RIO PARDO;2016;3;230.6;20.35
RIO PARDO;2016;4;88.4;0.0
RIO PARDO;2016;5;56.2;13.45
RIO PARDO;2016;6;6.2;10.55
RIO PARDO;2016;7;145.0;11.05
RIO PARDO;2016;8;84.6;14.1
RIO PARDO;2016;9;56.8;14.05
RIO PARDO;2016;10;351.8;17.35
RIO PARDO;2016;11;187.2;20.0
RIO PARDO;2016;12;143.4;22.85
RIO PARDO;2017;1;57.0;0.0
RIO PARDO;2017;2;0.0;0.0
RIO PARDO;2017;3;3.4;17.05
RIO PARDO;2017;4;56.4;18.975
RIO PARDO;2017;5;184.2;16.65
RIO PARDO;2017;6;96.6;14.775
RIO PARDO;2017;7;13.8;0.0
RIO PARDO;2017;8;80.6;13.9
RIO PARDO;2017;9;146.8;17.625
RIO PARDO;2017;10;249.6;18.4
RIO PARDO;2017;11;79.6;19.925
RIO PARDO;2017;12;69.8;23.15
RIO PARDO;2018;1;57.8;23.5
RIO PARDO;2018;2;51.6;22.7
RIO PARDO;2018;3;154.2;21.6
RIO PARDO;2018;4;89.2;21.775
RIO PARDO;2018;5;62.4;17.95
RIO PARDO;2018;6;138.6;10.875
RIO PARDO;2018;7;136.6;8.8
RIO PARDO;2018;8;19.0;0.0
RIO PARDO;2018;9;140.0;0.0
RIO PARDO;2018;10;73.8;18.9
RIO PARDO;2018;11;139.8;21.625
RIO PARDO;2018;12;69.0;22.65
RIO PARDO;2019;1;98.8;24.8
RIO PARDO;2019;2;68.8;23.125
RIO PARDO;2019;3;76.8;21.45
RIO PARDO;2019;4;150.4;20.325
RIO PARDO;2019;5;189.4;17.45
RIO PARDO;2019;6;49.0;17.775
RIO PARDO;2019;7;135.6;12.05
RIO PARDO;2019;8;87.8;13.95
RIO PARDO;2019;9;71.6;15.425
RIO PARDO;2019;10;252.8;19.4
RIO PARDO;2019;11;116.0;21.2
RIO PARDO;2019;12;26.2;24.1
RIO PARDO;2020;1;118.0;17.9
RIO PARDO;2020;2;23.6;18.1
RIO PARDO;2020;3;17.2;16.65
RIO PARDO;2020;4;26.6;12.375
RIO PARDO;2020;5;163.0;10.45
RIO PARDO;2020;6;89.0;12.625
RIO PARDO;2020;7;134.6;9.1
RIO PARDO;2020;8;0.0;11.25
RIO PARDO;2020;9;129.8;13.675
RIO PARDO;2020;10;73.4;13.05
RIO PARDO;2020;11;37.8;15.325
RIO PARDO;2020;12;49.6;17.4
RIO PARDO;2021;1;187.6;18.95
RIO PARDO;2021;2;68.6;18.375
RIO PARDO;2021;3;98.2;18.1
RIO PARDO;2021;4;7.8;15.1
RIO PARDO;2021;5;215.4;9.45
RIO PARDO;2021;6;143.2;11.025
RIO PARDO;2021;7;45.4;8.95
RIO PARDO;2021;8;90.4;12.75
RIO PARDO;2021;9;236.4;13.725
RIO PARDO;2021;10;67.0;12.7
RIO PARDO;2021;11;91.6;13.9
RIO PARDO;2021;12;39.4;16.5
RIO PARDO;2022;1;139.2;19.15
RIO PARDO;2022;2;67.8;18.6
RIO PARDO;2022;3;136.0;18.2
RIO PARDO;2022;4;132.4;15.325
RIO PARDO;2022;5;105.0;12.2
RIO PARDO;2022;6;111.6;10.025
RIO PARDO;2022;7;131.2;13.4
RIO PARDO;2022;8;77.0;10.75
RIO PARDO;2022;9;50.0;11.775
RIO PARDO;2022;10;61.4;13.55
RIO PARDO;2022;11;56.0;13.75
RIO PARDO;2022;12;148.0;16.6
RIO PARDO;2023;1;33.0;19.0
RIO PARDO;2023;2;64.4;17.825
RIO PARDO;2023;3;38.4;19.3
RIO PARDO;2023;4;29.6;14.975
RIO PARDO;2023;5;190.8;13.85
RIO PARDO;2023;6;150.8;13.525
RIO PARDO;2023;7;179.8;12.7
RIO PARDO;2023;8;68.8;11.85
RIO PARDO;2023;9;460.8;14.575
RIO PARDO;2023;10;161.8;14.1
RIO PARDO;2023;11;246.4;16.6
RIO PARDO;2023;12;212.4;19.675
RIO PARDO;2024;1;77.8;18.75
RIO PARDO;2024;2;86.2;21.075
RIO PARDO;2024;3;124.6;19.25
RIO PARDO;2024;4;342.8;18.2
RIO PARDO;2024;5;561.4;12.25
RIO PARDO;2024;6;273.4;15.225
RIO PARDO;2024;7;80.8;10.3
RIO PARDO;2024;8;91.6;12.7
RIO PARDO;2024;9;189.0;15.25
RIO PARDO;2024;10;102.4;15.5
RIO PARDO;2024;11;63.6;16.925
RIO PARDO;2024;12;128.2;16.55
RIO PARDO;2025;1;61.4;18.5
RIO PARDO;2025;2;91.6;20.3
RIO PARDO;2025;3;82.6;18.6
RIO PARDO;2025;4;72.0;15.725
RIO PARDO;2025;5;231.4;14.4
RIO PARDO;2025;6;417.0;8.975
RIO PARDO;2025;7;89.2;10.05
RIO PARDO;2025;8;72.9;13.2
RIO PARDO;2025;9;261.0;13.3
RIO PARDO;2025;10;116.6;14.8
RIO PARDO;2025;11;65.6;15.525
RIO PARDO;2025;12;155.4;19.95
SANTA MARIA;2015;1;190.2;23.7
SANTA MARIA;2015;2;90.8;22.6
SANTA MARIA;2015;3;142.4;21.75
SANTA MARIA;2015;4;131.2;18.35
SANTA MARIA;2015;5;123.0;16.3
SANTA MARIA;2015;6;146.8;14.2
SANTA MARIA;2015;7;236.0;13.8
SANTA MARIA;2015;8;94.0;18.6
SANTA MARIA;2015;9;185.2;15.85
SANTA MARIA;2015;10;462.4;17.7
SANTA MARIA;2015;11;179.8;20.05
SANTA MARIA;2015;12;366.0;21.7
SANTA MARIA;2016;1;115.0;24.7
SANTA MARIA;2016;2;106.6;23.9
SANTA MARIA;2016;3;227.8;19.6
SANTA MARIA;2016;4;155.0;21.375
SANTA MARIA;2016;5;77.8;13.2
SANTA MARIA;2016;6;9.4;9.875
SANTA MARIA;2016;7;107.8;11.65
SANTA MARIA;2016;8;139.0;13.6
SANTA MARIA;2016;9;59.8;13.6
SANTA MARIA;2016;10;400.0;18.4
SANTA MARIA;2016;11;176.2;20.675
SANTA MARIA;2016;12;148.4;23.25
SANTA MARIA;2017;1;229.2;23.5
SANTA MARIA;2017;2;234.6;23.4
SANTA MARIA;2017;3;232.4;21.15
SANTA MARIA;2017;4;123.6;18.7
SANTA MARIA;2017;5;325.8;16.2
SANTA MARIA;2017;6;136.8;14.05
SANTA MARIA;2017;7;19.0;16.8
SANTA MARIA;2017;8;262.0;13.75
SANTA MARIA;2017;9;141.2;17.225
SANTA MARIA;2017;10;249.8;19.0
SANTA MARIA;2017;11;73.6;20.575
SANTA MARIA;2017;12;86.6;24.25
SANTA MARIA;2018;1;131.8;23.95
SANTA MARIA;2018;2;136.2;23.025
SANTA MARIA;2018;3;174.0;21.0
SANTA MARIA;2018;4;149.0;21.025
SANTA MARIA;2018;5;75.4;18.1
SANTA MARIA;2018;6;76.0;10.7
SANTA MARIA;2018;7;155.6;11.55
SANTA MARIA;2018;8;139.8;10.85
SANTA MARIA;2018;9;187.6;18.0
SANTA MARIA;2018;10;89.4;19.15
SANTA MARIA;2018;11;216.6;21.625
SANTA MARIA;2018;12;159.0;23.5
SANTA MARIA;2019;1;239.2;25.15
SANTA MARIA;2019;2;73.6;22.85
SANTA MARIA;2019;3;123.0;20.95
SANTA MARIA;2019;4;197.6;19.65
SANTA MARIA;2019;5;232.6;17.3
SANTA MARIA;2019;6;37.8;18.175
SANTA MARIA;2019;7;151.2;11.95
SANTA MARIA;2019;8;81.2;13.35
SANTA MARIA;2019;9;80.0;15.375
SANTA MARIA;2019;10;420.0;18.35
SANTA MARIA;2019;11;144.4;21.15
SANTA MARIA;2019;12;73.0;23.25
SANTA MARIA;2020;1;255.6;18.9
SANTA MARIA;2020;2;51.6;18.5
SANTA MARIA;2020;3;35.4;17.2
SANTA MARIA;2020;4;32.2;12.15
SANTA MARIA;2020;5;206.4;10.45
SANTA MARIA;2020;6;171.2;12.2
SANTA MARIA;2020;7;108.4;8.7
SANTA MARIA;2020;8;56.4;12.1
SANTA MARIA;2020;9;108.6;13.2
SANTA MARIA;2020;10;0.0;13.7
SANTA MARIA;2020;11;0.0;13.85
SANTA MARIA;2020;12;43.6;18.1
SANTA MARIA;2021;1;187.2;20.0
SANTA MARIA;2021;2;83.0;18.5
SANTA MARIA;2021;3;104.0;19.6
SANTA MARIA;2021;4;14.2;15.65
SANTA MARIA;2021;5;177.4;10.1
SANTA MARIA;2021;6;169.8;11.3
SANTA MARIA;2021;7;34.2;8.3
SANTA MARIA;2021;8;118.8;13.1
SANTA MARIA;2021;9;208.2;13.9
SANTA MARIA;2021;10;132.6;13.75
SANTA MARIA;2021;11;45.2;14.55
SANTA MARIA;2021;12;33.8;16.95
SANTA MARIA;2022;1;136.0;20.9
SANTA MARIA;2022;2;98.2;18.925
SANTA MARIA;2022;3;181.0;19.35
SANTA MARIA;2022;4;233.2;16.575
SANTA MARIA;2022;5;111.8;12.6
SANTA MARIA;2022;6;146.6;10.15
SANTA MARIA;2022;7;180.8;13.8
SANTA MARIA;2022;8;69.4;10.75
SANTA MARIA;2022;9;66.0;11.875
SANTA MARIA;2022;10;82.8;13.5
SANTA MARIA;2022;11;42.4;13.725
SANTA MARIA;2022;12;53.0;17.2
SANTA MARIA;2023;1;68.2;19.65
SANTA MARIA;2023;2;109.6;18.8
SANTA MARIA;2023;3;74.6;21.1
SANTA MARIA;2023;4;72.4;15.6
SANTA MARIA;2023;5;197.4;14.45
SANTA MARIA;2023;6;101.8;14.15
SANTA MARIA;2023;7;174.4;13.2
SANTA MARIA;2023;8;57.2;12.4
SANTA MARIA;2023;9;454.2;15.45
SANTA MARIA;2023;10;204.2;15.3
SANTA MARIA;2023;11;208.0;19.025
SANTA MARIA;2023;12;205.8;20.4
SANTA MARIA;2024;1;57.2;19.85
SANTA MARIA;2024;2;159.8;22.4
SANTA MARIA;2024;3;144.4;21.5
SANTA MARIA;2024;4;520.4;19.5
SANTA MARIA;2024;5;446.8;11.7
SANTA MARIA;2024;6;231.2;14.975
SANTA MARIA;2024;7;37.0;10.25
SANTA MARIA;2024;8;160.2;13.2
SANTA MARIA;2024;9;121.2;15.85
SANTA MARIA;2024;10;105.8;16.1
SANTA MARIA;2024;11;96.8;18.325
SANTA MARIA;2024;12;123.4;17.1
SANTA MARIA;2025;1;20.8;19.0
SANTA MARIA;2025;2;159.8;21.475
SANTA MARIA;2025;3;89.8;19.2
SANTA MARIA;2025;4;69.8;15.725
SANTA MARIA;2025;5;341.4;14.5
SANTA MARIA;2025;6;424.6;9.325
SANTA MARIA;2025;7;75.8;9.95
SANTA MARIA;2025;8;199.0;10.7
SANTA MARIA;2025;9;256.0;12.625
SANTA MARIA;2025;10;71.2;14.2
SANTA MARIA;2025;11;79.6;14.7
SANTA MARIA;2025;12;0.2;15.75
SANTA ROSA;2015;1;365.4;23.5
SANTA ROSA;2015;2;94.0;23.65
SANTA ROSA;2015;3;90.4;23.3
SANTA ROSA;2015;4;90.2;18.775
SANTA ROSA;2015;5;0.0;0.0
SANTA ROSA;2015;6;0.0;0.0
SANTA ROSA;2015;7;0.0;0.0
SANTA ROSA;2015;8;0.0;0.0
SANTA ROSA;2015;9;0.0;0.0
SANTA ROSA;2015;10;0.0;0.0
SANTA ROSA;2015;11;0.0;0.0
SANTA ROSA;2015;12;487.8;22.95
SANTA ROSA;2016;1;174.0;26.4
SANTA ROSA;2016;2;192.0;25.0
SANTA ROSA;2016;3;170.2;20.6
SANTA ROSA;2016;4;62.4;10.375
SANTA ROSA;2016;5;99.2;10.9
SANTA ROSA;2016;6;0.0;0.0
SANTA ROSA;2016;7;35.0;9.9
SANTA ROSA;2016;8;192.0;14.4
SANTA ROSA;2016;9;44.2;15.125
SANTA ROSA;2016;10;214.8;19.95
SANTA ROSA;2016;11;151.2;21.825
SANTA ROSA;2016;12;205.2;23.8
SANTA ROSA;2017;1;147.4;24.75
SANTA ROSA;2017;2;184.4;23.85
SANTA ROSA;2017;3;242.6;22.75
SANTA ROSA;2017;4;435.0;19.9
SANTA ROSA;2017;5;566.6;17.4
SANTA ROSA;2017;6;160.2;16.0
SANTA ROSA;2017;7;16.8;16.1
SANTA ROSA;2017;8;175.0;15.75
SANTA ROSA;2017;9;95.8;19.775
SANTA ROSA;2017;10;311.8;19.3
SANTA ROSA;2017;11;235.2;20.9
SANTA ROSA;2017;12;162.6;24.6
SANTA ROSA;2018;1;245.2;23.8
SANTA ROSA;2018;2;77.4;22.975
SANTA ROSA;2018;3;168.8;22.3
SANTA ROSA;2018;4;24.4;21.425
SANTA ROSA;2018;5;180.0;18.0
SANTA ROSA;2018;6;113.4;11.9
SANTA ROSA;2018;7;63.6;13.45
SANTA ROSA;2018;8;86.8;11.45
SANTA ROSA;2018;9;117.4;18.55
SANTA ROSA;2018;10;282.6;20.4
SANTA ROSA;2018;11;68.6;23.075
SANTA ROSA;2018;12;1.2;24.2
SANTA ROSA;2019;1;0.6;25.35
SANTA ROSA;2019;2;184.4;22.575
SANTA ROSA;2019;3;148.4;21.2
SANTA ROSA;2019;4;68.2;21.1
SANTA ROSA;2019;5;294.0;18.0
SANTA ROSA;2019;6;18.0;17.925
SANTA ROSA;2019;7;105.2;13.45
SANTA ROSA;2019;8;33.0;14.05
SANTA ROSA;2019;9;0.0;17.65
SANTA ROSA;2019;10;0.0;20.75
SANTA ROSA;2019;11;0.0;22.85
SANTA ROSA;2019;12;98.6;23.5
SANTA ROSA;2020;1;183.8;19.25
SANTA ROSA;2020;2;142.6;18.45
SANTA ROSA;2020;3;42.2;15.3
SANTA ROSA;2020;4;73.2;11.525
SANTA ROSA;2020;5;25.6;9.575
SANTA ROSA;2020;6;209.8;12.975
SANTA ROSA;2020;7;289.6;9.95
SANTA ROSA;2020;8;159.0;11.0
SANTA ROSA;2020;9;41.4;13.125
SANTA ROSA;2020;10;27.2;12.9
SANTA ROSA;2020;11;78.0;11.0
SANTA ROSA;2020;12;170.2;17.05
SANTA ROSA;2021;1;241.2;19.45
SANTA ROSA;2021;2;57.8;17.825
SANTA ROSA;2021;3;158.0;17.65
SANTA ROSA;2021;4;56.6;14.95
SANTA ROSA;2021;5;86.6;10.8
SANTA ROSA;2021;6;33.4;11.425
SANTA ROSA;2021;7;15.2;8.3
SANTA ROSA;2021;8;0.0;11.775
SANTA ROSA;2021;9;46.8;15.7
SANTA ROSA;2021;10;0.0;13.15
SANTA ROSA;2021;11;0.0;15.45
SANTA ROSA;2021;12;0.0;14.3
SANTA ROSA;2022;1;0.0;16.05
SANTA ROSA;2022;2;0.0;16.0
SANTA ROSA;2022;3;0.0;17.6
SANTA ROSA;2022;4;0.0;15.825
SANTA ROSA;2022;5;142.6;11.6
SANTA ROSA;2022;6;147.0;10.15
SANTA ROSA;2022;7;57.8;14.05
SANTA ROSA;2022;8;92.8;11.05
SANTA ROSA;2022;9;87.6;10.725
SANTA ROSA;2022;10;144.0;13.05
SANTA ROSA;2022;11;5.6;10.35
SANTA ROSA;2022;12;108.6;17.15
SANTA ROSA;2023;1;79.6;18.5
SANTA ROSA;2023;2;47.8;17.375
SANTA ROSA;2023;3;72.0;19.25
SANTA ROSA;2023;4;60.4;15.3
SANTA ROSA;2023;5;118.6;13.55
SANTA ROSA;2023;6;104.0;13.0
SANTA ROSA;2023;7;123.0;14.5
SANTA ROSA;2023;8;104.2;13.55
SANTA ROSA;2023;9;231.8;16.85
SANTA ROSA;2023;10;494.2;16.0
SANTA ROSA;2023;11;459.8;18.625
SANTA ROSA;2023;12;156.0;20.7
SANTA ROSA;2024;1;0.0;20.1
SANTA ROSA;2024;2;0.0;
SANTA ROSA;2024;3;48.0;18.25
SANTA ROSA;2024;4;290.4;19.85
SANTA ROSA;2024;5;337.0;13.75
SANTA ROSA;2024;6;131.4;15.325
SANTA ROSA;2024;7;60.0;10.75
SANTA ROSA;2024;8;53.8;12.0
SANTA ROSA;2024;9;62.8;14.475
SANTA ROSA;2024;10;187.8;15.9
SANTA ROSA;2024;11;70.8;18.175
SANTA ROSA;2024;12;188.4;16.3
SANTA ROSA;2025;1;68.8;18.25
SANTA ROSA;2025;2;44.4;20.5
SANTA ROSA;2025;3;0.0;
SANTA ROSA;2025;4;0.0;
SANTA ROSA;2025;5;0.0;
SANTA ROSA;2025;6;0.0;
SANTA ROSA;2025;7;0.0;
SANTA ROSA;2025;8;0.0;
SANTA ROSA;2025;9;0.0;
SANTA ROSA;2025;10;0.0;
SANTA ROSA;2025;11;0.0;
SANTA ROSA;2025;12;0.0;
SANTIAGO;2015;1;273.8;22.65
SANTIAGO;2015;2;114.0;22.425
SANTIAGO;2015;3;129.0;21.75
SANTIAGO;2015;4;99.8;18.675
SANTIAGO;2015;5;128.8;16.55
SANTIAGO;2015;6;182.8;15.125
SANTIAGO;2015;7;124.2;12.75
SANTIAGO;2015;8;105.6;17.55
SANTIAGO;2015;9;156.8;15.375
SANTIAGO;2015;10;421.8;17.7
SANTIAGO;2015;11;270.8;19.6
SANTIAGO;2015;12;400.6;21.1
SANTIAGO;2016;1;78.4;23.7
SANTIAGO;2016;2;114.8;23.45
SANTIAGO;2016;3;197.4;19.05
SANTIAGO;2016;4;165.6;21.0
SANTIAGO;2016;5;116.2;12.35
SANTIAGO;2016;6;27.6;8.7
SANTIAGO;2016;7;66.6;12.15
SANTIAGO;2016;8;114.4;14.05
SANTIAGO;2016;9;36.8;13.775
SANTIAGO;2016;10;296.4;17.8
SANTIAGO;2016;11;260.8;20.0
SANTIAGO;2016;12;270.8;23.1
SANTIAGO;2017;1;249.4;23.25
SANTIAGO;2017;2;264.6;22.35
SANTIAGO;2017;3;220.0;21.35
SANTIAGO;2017;4;292.4;18.275
SANTIAGO;2017;5;387.4;15.25
SANTIAGO;2017;6;141.4;13.3
SANTIAGO;2017;7;4.4;16.3
SANTIAGO;2017;8;243.8;13.95
SANTIAGO;2017;9;162.0;16.175
SANTIAGO;2017;10;220.2;18.5
SANTIAGO;2017;11;90.2;19.9
SANTIAGO;2017;12;152.6;23.55
SANTIAGO;2018;1;290.8;22.35
SANTIAGO;2018;2;35.6;22.475
SANTIAGO;2018;3;261.4;21.35
SANTIAGO;2018;4;121.8;21.4
SANTIAGO;2018;5;133.4;17.0
SANTIAGO;2018;6;113.2;9.975
SANTIAGO;2018;7;0.2;0.0
SANTIAGO;2018;8;127.2;5.75
SANTIAGO;2018;9;197.2;17.275
SANTIAGO;2018;10;146.6;18.25
SANTIAGO;2018;11;332.2;21.175
SANTIAGO;2018;12;206.4;21.8
SANTIAGO;2019;1;481.2;23.45
SANTIAGO;2019;2;88.8;22.65
SANTIAGO;2019;3;203.0;20.35
SANTIAGO;2019;4;163.6;19.225
SANTIAGO;2019;5;228.0;16.5
SANTIAGO;2019;6;53.2;17.825
SANTIAGO;2019;7;141.8;12.65
SANTIAGO;2019;8;62.4;13.35
SANTIAGO;2019;9;90.8;14.725
SANTIAGO;2019;10;373.0;18.45
SANTIAGO;2019;11;204.6;21.225
SANTIAGO;2019;12;68.4;22.55
SANTIAGO;2020;1;155.2;17.7
SANTIAGO;2020;2;80.6;16.3
SANTIAGO;2020;3;19.2;13.65
SANTIAGO;2020;4;90.8;10.225
SANTIAGO;2020;5;262.0;8.3
SANTIAGO;2020;6;226.8;12.825
SANTIAGO;2020;7;45.4;7.7
SANTIAGO;2020;8;41.2;10.9
SANTIAGO;2020;9;211.2;11.95
SANTIAGO;2020;10;0.0;
SANTIAGO;2020;11;0.0;
SANTIAGO;2020;12;75.4;16.9
SANTIAGO;2021;1;174.2;18.6
SANTIAGO;2021;2;126.8;16.925
SANTIAGO;2021;3;85.0;17.0
SANTIAGO;2021;4;118.8;14.3
SANTIAGO;2021;5;198.2;9.9
SANTIAGO;2021;6;241.0;10.025
SANTIAGO;2021;7;26.4;7.8
SANTIAGO;2021;8;91.4;11.4
SANTIAGO;2021;9;156.8;12.5
SANTIAGO;2021;10;87.8;11.65
SANTIAGO;2021;11;21.0;13.8
SANTIAGO;2021;12;34.0;14.6
SANTIAGO;2022;1;66.0;17.8
SANTIAGO;2022;2;112.0;13.525
SANTIAGO;2022;3;185.4;16.85
SANTIAGO;2022;4;235.8;15.9
SANTIAGO;2022;5;30.0;9.65
SANTIAGO;2022;6;1.8;8.2
SANTIAGO;2022;7;43.2;13.15
SANTIAGO;2022;8;39.2;9.0
SANTIAGO;2022;9;56.0;9.425
SANTIAGO;2022;10;71.6;11.9
SANTIAGO;2022;11;54.4;10.45
SANTIAGO;2022;12;36.6;15.35
SANTIAGO;2023;1;46.0;15.85
SANTIAGO;2023;2;77.6;15.8
SANTIAGO;2023;3;162.8;18.5
SANTIAGO;2023;4;83.4;13.65
SANTIAGO;2023;5;136.2;12.2
SANTIAGO;2023;6;41.4;13.325
SANTIAGO;2023;7;70.4;12.625
SANTIAGO;2023;8;38.6;12.1
SANTIAGO;2023;9;482.2;14.5
SANTIAGO;2023;10;301.6;14.5
SANTIAGO;2023;11;277.0;17.925
SANTIAGO;2023;12;273.2;19.2
SANTIAGO;2024;1;129.8;18.5
SANTIAGO;2024;2;222.4;20.1
SANTIAGO;2024;3;224.0;19.55
SANTIAGO;2024;4;409.6;18.1
SANTIAGO;2024;5;364.4;10.6
SANTIAGO;2024;6;216.0;14.5
SANTIAGO;2024;7;25.4;9.9
SANTIAGO;2024;8;176.6;11.8
SANTIAGO;2024;9;128.2;13.9
SANTIAGO;2024;10;168.6;15.35
SANTIAGO;2024;11;97.6;17.85
SANTIAGO;2024;12;54.8;15.35
SANTIAGO;2025;1;59.6;17.7
SANTIAGO;2025;2;88.6;19.875
SANTIAGO;2025;3;21.6;17.15
SANTIAGO;2025;4;0.0;14.325
SANTIAGO;2025;5;0.0;13.45
SANTIAGO;2025;6;0.0;8.3
SANTIAGO;2025;7;91.6;9.55
SANTIAGO;2025;8;190.8;10.0
SANTIAGO;2025;9;249.2;10.95
SANTIAGO;2025;10;95.4;12.55
SANTIAGO;2025;11;0.0;14.2
SANTIAGO;2025;12;0.0;13.9
SANTO AUGUSTO;2015;1;238.0;22.45
SANTO AUGUSTO;2015;2;121.0;22.525
SANTO AUGUSTO;2015;3;115.6;22.3
SANTO AUGUSTO;2015;4;125.2;19.225
SANTO AUGUSTO;2015;5;250.4;16.7
SANTO AUGUSTO;2015;6;176.0;14.95
SANTO AUGUSTO;2015;7;336.8;13.3
SANTO AUGUSTO;2015;8;44.2;19.45
SANTO AUGUSTO;2015;9;167.2;16.6
SANTO AUGUSTO;2015;10;146.0;19.7
SANTO AUGUSTO;2015;11;236.4;20.475
SANTO AUGUSTO;2015;12;74.2;0.0
SANTO AUGUSTO;2016;1;0.0;0.0
SANTO AUGUSTO;2016;2;0.0;0.0
SANTO AUGUSTO;2016;3;0.0;0.0
SANTO AUGUSTO;2016;4;0.0;0.0
SANTO AUGUSTO;2016;5;77.8;6.75
SANTO AUGUSTO;2016;6;2.0;4.175
SANTO AUGUSTO;2016;7;95.2;12.45
SANTO AUGUSTO;2016;8;143.8;15.0
SANTO AUGUSTO;2016;9;58.0;14.725
SANTO AUGUSTO;2016;10;227.2;18.4
SANTO AUGUSTO;2016;11;91.8;20.7
SANTO AUGUSTO;2016;12;94.4;22.85
SANTO AUGUSTO;2017;1;96.0;23.35
SANTO AUGUSTO;2017;2;104.2;22.7
SANTO AUGUSTO;2017;3;90.2;20.65
SANTO AUGUSTO;2017;4;335.6;17.875
SANTO AUGUSTO;2017;5;359.4;16.5
SANTO AUGUSTO;2017;6;178.0;11.575
SANTO AUGUSTO;2017;7;0.2;16.4
SANTO AUGUSTO;2017;8;133.0;15.05
SANTO AUGUSTO;2017;9;63.0;19.675
SANTO AUGUSTO;2017;10;301.6;18.6
SANTO AUGUSTO;2017;11;183.0;20.075
SANTO AUGUSTO;2017;12;53.0;23.6
SANTO AUGUSTO;2018;1;259.8;22.2
SANTO AUGUSTO;2018;2;78.4;22.275
SANTO AUGUSTO;2018;3;186.2;21.6
SANTO AUGUSTO;2018;4;44.8;21.9
SANTO AUGUSTO;2018;5;158.8;17.2
SANTO AUGUSTO;2018;6;159.8;11.5
SANTO AUGUSTO;2018;7;71.2;13.35
SANTO AUGUSTO;2018;8;77.2;12.75
SANTO AUGUSTO;2018;9;69.6;17.55
SANTO AUGUSTO;2018;10;119.4;18.6
SANTO AUGUSTO;2018;11;122.4;21.75
SANTO AUGUSTO;2018;12;91.6;23.55
SANTO AUGUSTO;2019;1;36.6;24.05
SANTO AUGUSTO;2019;2;83.2;21.875
SANTO AUGUSTO;2019;3;195.6;20.2
SANTO AUGUSTO;2019;4;71.0;20.1
SANTO AUGUSTO;2019;5;69.6;17.4
SANTO AUGUSTO;2019;6;36.2;18.05
SANTO AUGUSTO;2019;7;91.4;12.8
SANTO AUGUSTO;2019;8;69.0;13.8
SANTO AUGUSTO;2019;9;62.8;16.575
SANTO AUGUSTO;2019;10;249.8;20.25
SANTO AUGUSTO;2019;11;189.6;22.35
SANTO AUGUSTO;2019;12;154.8;23.1
SANTO AUGUSTO;2020;1;122.4;19.75
SANTO AUGUSTO;2020;2;72.6;18.55
SANTO AUGUSTO;2020;3;28.6;15.55
SANTO AUGUSTO;2020;4;80.4;12.425
SANTO AUGUSTO;2020;5;260.2;10.3
SANTO AUGUSTO;2020;6;258.4;13.875
SANTO AUGUSTO;2020;7;307.8;9.7
SANTO AUGUSTO;2020;8;162.2;12.35
SANTO AUGUSTO;2020;9;85.4;14.2
SANTO AUGUSTO;2020;10;59.6;14.25
SANTO AUGUSTO;2020;11;120.8;15.425
SANTO AUGUSTO;2020;12;120.0;18.7
SANTO AUGUSTO;2021;1;267.0;20.4
SANTO AUGUSTO;2021;2;150.0;18.4
SANTO AUGUSTO;2021;3;222.8;19.35
SANTO AUGUSTO;2021;4;47.0;15.325
SANTO AUGUSTO;2021;5;136.0;11.05
SANTO AUGUSTO;2021;6;271.4;12.25
SANTO AUGUSTO;2021;7;57.2;9.8
SANTO AUGUSTO;2021;8;38.2;12.95
SANTO AUGUSTO;2021;9;117.4;15.7
SANTO AUGUSTO;2021;10;307.0;14.45
SANTO AUGUSTO;2021;11;37.4;16.5
SANTO AUGUSTO;2021;12;40.6;17.0
SANTO AUGUSTO;2022;1;59.8;20.1
SANTO AUGUSTO;2022;2;94.4;17.45
SANTO AUGUSTO;2022;3;227.4;18.3
SANTO AUGUSTO;2022;4;250.6;15.425
SANTO AUGUSTO;2022;5;309.6;12.0
SANTO AUGUSTO;2022;6;156.2;10.675
SANTO AUGUSTO;2022;7;68.8;14.55
SANTO AUGUSTO;2022;8;115.4;11.8
SANTO AUGUSTO;2022;9;91.8;11.825
SANTO AUGUSTO;2022;10;217.6;14.75
SANTO AUGUSTO;2022;11;22.8;11.375
SANTO AUGUSTO;2022;12;69.4;18.0
SANTO AUGUSTO;2023;1;119.4;19.9
SANTO AUGUSTO;2023;2;77.4;18.575
SANTO AUGUSTO;2023;3;188.8;20.5
SANTO AUGUSTO;2023;4;38.2;16.3
SANTO AUGUSTO;2023;5;138.6;14.2
SANTO AUGUSTO;2023;6;146.0;14.35
SANTO AUGUSTO;2023;7;190.6;15.35
SANTO AUGUSTO;2023;8;118.8;14.9
SANTO AUGUSTO;2023;9;316.4;17.4
SANTO AUGUSTO;2023;10;537.2;16.75
SANTO AUGUSTO;2023;11;523.2;18.7
SANTO AUGUSTO;2023;12;187.8;20.75
SANTO AUGUSTO;2024;1;216.6;20.3
SANTO AUGUSTO;2024;2;177.0;21.9
SANTO AUGUSTO;2024;3;256.4;21.05
SANTO AUGUSTO;2024;4;203.6;20.5
SANTO AUGUSTO;2024;5;427.8;15.6
SANTO AUGUSTO;2024;6;275.2;16.0
SANTO AUGUSTO;2024;7;73.6;11.95
SANTO AUGUSTO;2024;8;91.0;13.25
SANTO AUGUSTO;2024;9;132.8;16.175
SANTO AUGUSTO;2024;10;195.2;18.0
SANTO AUGUSTO;2024;11;67.2;20.025
SANTO AUGUSTO;2024;12;203.6;18.5
SANTO AUGUSTO;2025;1;86.0;20.0
SANTO AUGUSTO;2025;2;109.4;22.45
SANTO AUGUSTO;2025;3;95.0;19.65
SANTO AUGUSTO;2025;4;146.2;16.575
SANTO AUGUSTO;2025;5;161.2;15.4
SANTO AUGUSTO;2025;6;359.6;11.575
SANTO AUGUSTO;2025;7;72.8;10.45
SANTO AUGUSTO;2025;8;87.2;13.05
SANTO AUGUSTO;2025;9;184.2;14.85
SANTO AUGUSTO;2025;10;175.8;14.95
SANTO AUGUSTO;2025;11;88.0;17.35
SANTO AUGUSTO;2025;12;182.0;18.25
SAO BORJA;2015;1;118.4;25.4
SAO BORJA;2015;2;102.4;24.875
SAO BORJA;2015;3;85.0;23.9
SAO BORJA;2015;4;0.0;20.35
SAO BORJA;2015;5;58.4;18.05
SAO BORJA;2015;6;0.0;16.675
SAO BORJA;2015;7;49.2;13.5
SAO BORJA;2015;8;0.0;18.9
SAO BORJA;2015;9;0.0;17.25
SAO BORJA;2015;10;204.6;20.05
SAO BORJA;2015;11;160.4;22.025
SAO BORJA;2015;12;97.2;23.7
SAO BORJA;2016;1;62.8;27.15
SAO BORJA;2016;2;31.4;25.7
SAO BORJA;2016;3;0.0;0.0
SAO BORJA;2016;4;0.0;0.0
SAO BORJA;2016;5;0.0;0.0
SAO BORJA;2016;6;0.0;0.0
SAO BORJA;2016;7;69.8;10.65
SAO BORJA;2016;8;88.0;15.6
SAO BORJA;2016;9;19.2;15.625
SAO BORJA;2016;10;140.4;19.65
SAO BORJA;2016;11;96.4;22.175
SAO BORJA;2016;12;253.2;24.55
SAO BORJA;2017;1;182.2;25.4
SAO BORJA;2017;2;156.2;24.45
SAO BORJA;2017;3;202.6;23.8
SAO BORJA;2017;4;550.2;19.625
SAO BORJA;2017;5;45.0;0.0
SAO BORJA;2017;6;0.0;0.0
SAO BORJA;2017;7;0.0;0.0
SAO BORJA;2017;8;202.8;13.85
SAO BORJA;2017;9;107.0;18.775
SAO BORJA;2017;10;218.0;20.15
SAO BORJA;2017;11;115.8;21.9
SAO BORJA;2017;12;118.6;25.5
SAO BORJA;2018;1;181.6;24.45
SAO BORJA;2018;2;48.4;24.225
SAO BORJA;2018;3;186.8;23.0
SAO BORJA;2018;4;72.0;23.0
SAO BORJA;2018;5;114.0;18.35
SAO BORJA;2018;6;115.0;10.95
SAO BORJA;2018;7;52.6;11.65
SAO BORJA;2018;8;70.6;12.3
SAO BORJA;2018;9;93.6;18.6
SAO BORJA;2018;10;83.6;20.85
SAO BORJA;2018;11;275.6;23.5
SAO BORJA;2018;12;71.6;25.1
SAO BORJA;2019;1;61.8;27.8
SAO BORJA;2019;2;96.8;24.325
SAO BORJA;2019;3;194.6;21.6
SAO BORJA;2019;4;199.6;20.475
SAO BORJA;2019;5;291.8;18.1
SAO BORJA;2019;6;16.8;18.0
SAO BORJA;2019;7;88.2;12.9
SAO BORJA;2019;8;52.2;13.8
SAO BORJA;2019;9;64.6;16.625
SAO BORJA;2019;10;215.0;20.65
SAO BORJA;2019;11;220.2;23.175
SAO BORJA;2019;12;131.2;24.5
SAO BORJA;2020;1;106.0;19.0
SAO BORJA;2020;2;133.8;17.85
SAO BORJA;2020;3;29.2;16.5
SAO BORJA;2020;4;36.0;12.275
SAO BORJA;2020;5;159.2;10.0
SAO BORJA;2020;6;92.8;13.025
SAO BORJA;2020;7;23.0;9.0
SAO BORJA;2020;8;5.8;12.6
SAO BORJA;2020;9;13.8;13.825
SAO BORJA;2020;10;7.6;13.95
SAO BORJA;2020;11;18.0;11.925
SAO BORJA;2020;12;91.8;17.9
SAO BORJA;2021;1;169.4;20.4
SAO BORJA;2021;2;26.2;18.225
SAO BORJA;2021;3;142.4;17.2
SAO BORJA;2021;4;54.2;15.8
SAO BORJA;2021;5;42.2;10.6
SAO BORJA;2021;6;60.0;11.675
SAO BORJA;2021;7;0.0;9.3
SAO BORJA;2021;8;0.0;12.3
SAO BORJA;2021;9;0.0;13.975
SAO BORJA;2021;10;0.0;13.1
SAO BORJA;2021;11;0.0;15.6
SAO BORJA;2021;12;0.0;14.4
SAO BORJA;2022;1;14.4;18.6
SAO BORJA;2022;2;55.6;14.05
SAO BORJA;2022;3;46.2;16.95
SAO BORJA;2022;4;187.4;16.5
SAO BORJA;2022;5;67.6;13.0
SAO BORJA;2022;6;146.6;10.05
SAO BORJA;2022;7;81.2;15.35
SAO BORJA;2022;8;31.8;10.6
SAO BORJA;2022;9;40.8;10.4
SAO BORJA;2022;10;99.6;12.5
SAO BORJA;2022;11;45.2;12.375
SAO BORJA;2022;12;59.0;16.9
SAO BORJA;2023;1;23.2;17.15
SAO BORJA;2023;2;17.4;16.7
SAO BORJA;2023;3;57.0;20.0
SAO BORJA;2023;4;0.0;16.375
SAO BORJA;2023;5;0.0;
SAO BORJA;2023;6;0.0;
SAO BORJA;2023;7;0.0;
SAO BORJA;2023;8;56.2;13.3
SAO BORJA;2023;9;266.2;17.075
SAO BORJA;2023;10;269.4;16.15
SAO BORJA;2023;11;208.6;19.55
SAO BORJA;2023;12;155.4;20.8
SAO BORJA;2024;1;170.0;19.7
SAO BORJA;2024;2;92.4;21.8
SAO BORJA;2024;3;221.0;21.1
SAO BORJA;2024;4;179.4;19.625
SAO BORJA;2024;5;141.6;11.55
SAO BORJA;2024;6;107.0;16.9
SAO BORJA;2024;7;22.0;10.75
SAO BORJA;2024;8;138.2;13.15
SAO BORJA;2024;9;80.4;15.35
SAO BORJA;2024;10;165.6;16.6
SAO BORJA;2024;11;61.2;19.85
SAO BORJA;2024;12;80.2;16.0
SAO BORJA;2025;1;94.0;18.25
SAO BORJA;2025;2;57.4;21.25
SAO BORJA;2025;3;106.6;18.95
SAO BORJA;2025;4;35.6;16.1
SAO BORJA;2025;5;389.0;15.45
SAO BORJA;2025;6;395.8;10.125
SAO BORJA;2025;7;88.0;10.55
SAO BORJA;2025;8;142.6;11.25
SAO BORJA;2025;9;301.6;13.175
SAO BORJA;2025;10;149.8;14.05
SAO BORJA;2025;11;95.0;15.575
SAO BORJA;2025;12;0.0;18.7
SOLEDADE;2015;1;105.0;0.0
SOLEDADE;2015;2;0.6;0.0
SOLEDADE;2015;3;63.2;20.0
SOLEDADE;2015;4;142.6;17.55
SOLEDADE;2015;5;152.2;15.05
SOLEDADE;2015;6;274.6;13.425
SOLEDADE;2015;7;254.2;12.1
SOLEDADE;2015;8;69.6;18.05
SOLEDADE;2015;9;206.6;14.475
SOLEDADE;2015;10;216.0;16.2
SOLEDADE;2015;11;151.0;18.625
SOLEDADE;2015;12;367.6;20.55
SOLEDADE;2016;1;80.4;22.35
SOLEDADE;2016;2;214.6;22.15
SOLEDADE;2016;3;297.0;18.65
SOLEDADE;2016;4;188.0;20.775
SOLEDADE;2016;5;53.0;12.25
SOLEDADE;2016;6;15.6;8.175
SOLEDADE;2016;7;188.4;12.15
SOLEDADE;2016;8;98.8;14.05
SOLEDADE;2016;9;74.2;12.675
SOLEDADE;2016;10;317.0;16.55
SOLEDADE;2016;11;109.8;19.225
SOLEDADE;2016;12;62.0;21.05
SOLEDADE;2017;1;17.4;0.0
SOLEDADE;2017;2;15.8;0.0
SOLEDADE;2017;3;36.8;18.85
SOLEDADE;2017;4;197.8;17.425
SOLEDADE;2017;5;314.6;15.25
SOLEDADE;2017;6;183.4;14.1
SOLEDADE;2017;7;31.8;15.8
SOLEDADE;2017;8;180.8;15.0
SOLEDADE;2017;9;112.0;18.525
SOLEDADE;2017;10;244.0;17.45
SOLEDADE;2017;11;0.0;0.0
SOLEDADE;2017;12;87.2;21.1
SOLEDADE;2018;1;245.8;20.65
SOLEDADE;2018;2;149.0;19.425
SOLEDADE;2018;3;183.8;20.0
SOLEDADE;2018;4;94.2;20.025
SOLEDADE;2018;5;114.0;16.2
SOLEDADE;2018;6;184.8;10.175
SOLEDADE;2018;7;162.0;13.4
SOLEDADE;2018;8;156.2;10.9
SOLEDADE;2018;9;183.2;15.775
SOLEDADE;2018;10;265.8;16.65
SOLEDADE;2018;11;250.6;19.7
SOLEDADE;2018;12;201.8;20.5
SOLEDADE;2019;1;140.4;22.25
SOLEDADE;2019;2;114.4;20.55
SOLEDADE;2019;3;136.0;18.95
SOLEDADE;2019;4;110.8;18.6
SOLEDADE;2019;5;195.2;15.95
SOLEDADE;2019;6;52.6;16.525
SOLEDADE;2019;7;83.0;12.15
SOLEDADE;2019;8;78.0;11.65
SOLEDADE;2019;9;76.6;14.55
SOLEDADE;2019;10;318.0;17.85
SOLEDADE;2019;11;230.6;19.1
SOLEDADE;2019;12;71.8;21.25
SOLEDADE;2020;1;128.2;17.45
SOLEDADE;2020;2;23.8;16.4
SOLEDADE;2020;3;31.0;13.7
SOLEDADE;2020;4;44.2;10.55
SOLEDADE;2020;5;180.6;7.1
SOLEDADE;2020;6;251.2;11.8
SOLEDADE;2020;7;95.0;9.0
SOLEDADE;2020;8;83.2;9.9
SOLEDADE;2020;9;8.2;12.9
SOLEDADE;2020;10;3.2;11.0
SOLEDADE;2020;11;16.2;11.2
SOLEDADE;2020;12;32.8;16.55
SOLEDADE;2021;1;80.6;18.7
SOLEDADE;2021;2;122.4;16.3
SOLEDADE;2021;3;140.8;17.45
SOLEDADE;2021;4;7.0;13.0
SOLEDADE;2021;5;226.4;9.1
SOLEDADE;2021;6;181.8;9.875
SOLEDADE;2021;7;25.0;6.9
SOLEDADE;2021;8;136.6;11.25
SOLEDADE;2021;9;137.4;13.05
SOLEDADE;2021;10;155.2;11.9
SOLEDADE;2021;11;23.0;12.6
SOLEDADE;2021;12;11.4;13.9
SOLEDADE;2022;1;91.0;17.7
SOLEDADE;2022;2;139.4;16.65
SOLEDADE;2022;3;206.8;16.95
SOLEDADE;2022;4;215.8;14.05
SOLEDADE;2022;5;296.8;10.5
SOLEDADE;2022;6;233.8;9.375
SOLEDADE;2022;7;63.4;12.5
SOLEDADE;2022;8;107.2;9.25
SOLEDADE;2022;9;81.2;10.675
SOLEDADE;2022;10;116.2;12.05
SOLEDADE;2022;11;32.0;11.075
SOLEDADE;2022;12;89.0;15.7
SOLEDADE;2023;1;56.0;17.2
SOLEDADE;2023;2;76.8;16.0
SOLEDADE;2023;3;49.2;17.55
SOLEDADE;2023;4;45.4;13.275
SOLEDADE;2023;5;275.2;11.85
SOLEDADE;2023;6;152.6;11.225
SOLEDADE;2023;7;174.0;11.7
SOLEDADE;2023;8;73.4;10.85
SOLEDADE;2023;9;440.6;14.525
SOLEDADE;2023;10;323.0;14.9
SOLEDADE;2023;11;469.2;15.85
SOLEDADE;2023;12;190.4;18.2
SOLEDADE;2024;1;120.0;17.1
SOLEDADE;2024;2;142.0;18.9
SOLEDADE;2024;3;121.6;18.0
SOLEDADE;2024;4;317.0;17.625
SOLEDADE;2024;5;737.8;12.55
SOLEDADE;2024;6;265.6;13.125
SOLEDADE;2024;7;57.6;9.45
SOLEDADE;2024;8;77.4;11.25
SOLEDADE;2024;9;138.2;13.2
SOLEDADE;2024;10;120.0;14.55
SOLEDADE;2024;11;43.0;15.95
SOLEDADE;2024;12;116.2;15.1
SOLEDADE;2025;1;97.6;17.1
SOLEDADE;2025;2;130.4;18.975
SOLEDADE;2025;3;122.0;17.4
SOLEDADE;2025;4;124.8;14.425
SOLEDADE;2025;5;214.6;12.8
SOLEDADE;2025;6;415.0;9.3
SOLEDADE;2025;7;86.4;8.8
SOLEDADE;2025;8;95.6;10.05
SOLEDADE;2025;9;253.2;11.25
SOLEDADE;2025;10;82.6;12.25
SOLEDADE;2025;11;128.4;13.725
SOLEDADE;2025;12;7.0;14.675
TEUTONIA;2015;1;0.0;23.9
TEUTONIA;2015;2;116.8;22.925
TEUTONIA;2015;3;39.4;22.95
TEUTONIA;2015;4;128.0;19.725
TEUTONIA;2015;5;153.8;17.9
TEUTONIA;2015;6;235.6;14.8
TEUTONIA;2015;7;334.4;14.85
TEUTONIA;2015;8;73.6;19.3
TEUTONIA;2015;9;270.2;16.975
TEUTONIA;2015;10;356.6;18.1
TEUTONIA;2015;11;176.2;20.625
TEUTONIA;2015;12;306.4;22.85
TEUTONIA;2016;1;0.0;0.0
TEUTONIA;2016;2;71.8;24.4
TEUTONIA;2016;3;325.4;21.0
TEUTONIA;2016;4;203.0;22.25
TEUTONIA;2016;5;50.8;13.9
TEUTONIA;2016;6;11.4;10.6
TEUTONIA;2016;7;179.4;12.9
TEUTONIA;2016;8;80.4;13.7
TEUTONIA;2016;9;85.0;14.8
TEUTONIA;2016;10;323.2;18.6
TEUTONIA;2016;11;140.2;20.675
TEUTONIA;2016;12;76.4;23.55
TEUTONIA;2017;1;248.2;24.25
TEUTONIA;2017;2;206.4;24.6
TEUTONIA;2017;3;191.4;21.65
TEUTONIA;2017;4;106.8;19.575
TEUTONIA;2017;5;272.2;17.05
TEUTONIA;2017;6;105.0;15.4
TEUTONIA;2017;7;37.6;17.3
TEUTONIA;2017;8;120.2;16.1
TEUTONIA;2017;9;127.0;19.175
TEUTONIA;2017;10;250.8;19.75
TEUTONIA;2017;11;156.2;20.1
TEUTONIA;2017;12;105.2;23.55
TEUTONIA;2018;1;149.8;24.0
TEUTONIA;2018;2;73.2;22.6
TEUTONIA;2018;3;164.4;22.15
TEUTONIA;2018;4;57.0;21.325
TEUTONIA;2018;5;62.0;18.5
TEUTONIA;2018;6;118.0;11.5
TEUTONIA;2018;7;129.0;12.9
TEUTONIA;2018;8;171.4;12.65
TEUTONIA;2018;9;215.4;18.075
TEUTONIA;2018;10;136.4;18.95
TEUTONIA;2018;11;195.6;21.65
TEUTONIA;2018;12;85.6;23.1
TEUTONIA;2019;1;130.0;26.35
TEUTONIA;2019;2;55.0;26.35
TEUTONIA;2019;3;1.8;23.6
TEUTONIA;2019;4;184.2;20.3
TEUTONIA;2019;5;232.0;17.6
TEUTONIA;2019;6;60.0;17.775
TEUTONIA;2019;7;138.2;12.5
TEUTONIA;2019;8;84.0;14.9
TEUTONIA;2019;9;76.8;15.675
TEUTONIA;2019;10;402.2;18.8
TEUTONIA;2019;11;187.6;21.325
TEUTONIA;2019;12;49.8;24.3
TEUTONIA;2020;1;155.8;19.55
TEUTONIA;2020;2;90.2;18.45
TEUTONIA;2020;3;25.4;16.6
TEUTONIA;2020;4;24.4;12.725
TEUTONIA;2020;5;203.6;10.8
TEUTONIA;2020;6;176.2;13.05
TEUTONIA;2020;7;222.6;10.25
TEUTONIA;2020;8;0.0;11.6
TEUTONIA;2020;9;0.6;14.325
TEUTONIA;2020;10;0.0;13.3
TEUTONIA;2020;11;0.0;16.075
TEUTONIA;2020;12;0.0;18.1
TEUTONIA;2021;1;0.0;19.35
TEUTONIA;2021;2;0.0;18.55
TEUTONIA;2021;3;0.0;19.5
TEUTONIA;2021;4;0.0;15.55
TEUTONIA;2021;5;0.0;11.25
TEUTONIA;2021;6;0.0;11.925
TEUTONIA;2021;7;0.0;9.3
TEUTONIA;2021;8;0.0;13.2
TEUTONIA;2021;9;0.0;14.575
TEUTONIA;2021;10;0.0;14.5
TEUTONIA;2021;11;0.0;17.8
TEUTONIA;2021;12;0.0;16.3
TEUTONIA;2022;1;198.2;19.05
TEUTONIA;2022;2;44.0;18.425
TEUTONIA;2022;3;175.6;18.75
TEUTONIA;2022;4;173.4;15.825
TEUTONIA;2022;5;169.8;12.8
TEUTONIA;2022;6;198.0;9.325
TEUTONIA;2022;7;129.6;13.7
TEUTONIA;2022;8;126.2;11.4
TEUTONIA;2022;9;97.0;12.45
TEUTONIA;2022;10;96.0;14.25
TEUTONIA;2022;11;42.4;13.7
TEUTONIA;2022;12;135.4;17.45
TEUTONIA;2023;1;35.4;19.35
TEUTONIA;2023;2;161.8;18.525
TEUTONIA;2023;3;127.0;20.1
TEUTONIA;2023;4;25.6;15.6
TEUTONIA;2023;5;223.6;13.85
TEUTONIA;2023;6;265.2;13.425
TEUTONIA;2023;7;204.0;13.2
TEUTONIA;2023;8;56.2;12.4
TEUTONIA;2023;9;443.4;15.375
TEUTONIA;2023;10;184.0;15.0
TEUTONIA;2023;11;416.4;17.8
TEUTONIA;2023;12;180.6;20.1
TEUTONIA;2024;1;133.4;19.05
TEUTONIA;2024;2;108.6;21.3
TEUTONIA;2024;3;90.0;19.85
TEUTONIA;2024;4;273.0;18.975
TEUTONIA;2024;5;465.6;12.95
TEUTONIA;2024;6;231.8;14.875
TEUTONIA;2024;7;16.4;9.45
TEUTONIA;2024;8;20.6;11.525
TEUTONIA;2024;9;179.0;15.475
TEUTONIA;2024;10;145.2;16.6
TEUTONIA;2024;11;124.0;17.8
TEUTONIA;2024;12;194.2;17.45
TEUTONIA;2025;1;37.6;19.1
TEUTONIA;2025;2;150.6;20.525
TEUTONIA;2025;3;54.2;19.3
TEUTONIA;2025;4;82.8;17.225
TEUTONIA;2025;5;0.0;
TEUTONIA;2025;6;0.0;
TEUTONIA;2025;7;0.0;
TEUTONIA;2025;8;0.0;
TEUTONIA;2025;9;0.0;
TEUTONIA;2025;10;64.8;12.9
TEUTONIA;2025;11;83.6;15.425
TEUTONIA;2025;12;232.4;19.45
TORRES;2015;1;183.4;24.85
TORRES;2015;2;215.6;23.9
TORRES;2015;3;130.6;23.1
TORRES;2015;4;154.2;21.175
TORRES;2015;5;9.0;0.0
TORRES;2015;6;19.2;0.0
TORRES;2015;7;264.2;16.0
TORRES;2015;8;106.6;18.45
TORRES;2015;9;257.8;17.35
TORRES;2015;10;285.6;18.05
TORRES;2015;11;113.2;20.725
TORRES;2015;12;157.6;23.1
TORRES;2016;1;91.2;23.5
TORRES;2016;2;84.0;23.9
TORRES;2016;3;247.0;23.2
TORRES;2016;4;309.0;23.7
TORRES;2016;5;37.0;15.8
TORRES;2016;6;19.4;12.025
TORRES;2016;7;81.0;13.75
TORRES;2016;8;59.4;14.55
TORRES;2016;9;39.6;15.975
TORRES;2016;10;214.0;18.85
TORRES;2016;11;74.8;20.825
TORRES;2016;12;261.8;23.1
TORRES;2017;1;0.0;0.0
TORRES;2017;2;0.0;0.0
TORRES;2017;3;0.0;0.0
TORRES;2017;4;51.8;11.2
TORRES;2017;5;191.8;18.6
TORRES;2017;6;165.8;15.65
TORRES;2017;7;1.0;12.45
TORRES;2017;8;79.6;16.9
TORRES;2017;9;175.2;18.925
TORRES;2017;10;150.0;19.7
TORRES;2017;11;120.8;20.425
TORRES;2017;12;178.6;22.0
TORRES;2018;1;175.8;23.1
TORRES;2018;2;50.0;23.425
TORRES;2018;3;154.4;22.95
TORRES;2018;4;47.4;22.525
TORRES;2018;5;101.6;18.1
TORRES;2018;6;148.0;14.1
TORRES;2018;7;223.2;14.2
TORRES;2018;8;100.8;14.9
TORRES;2018;9;118.2;17.75
TORRES;2018;10;130.8;19.65
TORRES;2018;11;71.6;20.825
TORRES;2018;12;42.4;23.45
TORRES;2019;1;146.0;25.4
TORRES;2019;2;147.8;24.3
TORRES;2019;3;234.0;22.7
TORRES;2019;4;206.4;21.75
TORRES;2019;5;281.4;19.5
TORRES;2019;6;94.8;17.45
TORRES;2019;7;55.6;14.25
TORRES;2019;8;32.0;14.85
TORRES;2019;9;82.4;16.65
TORRES;2019;10;99.0;19.95
TORRES;2019;11;72.6;20.475
TORRES;2019;12;46.6;23.05
TORRES;2020;1;109.8;19.9
TORRES;2020;2;24.6;19.4
TORRES;2020;3;4.0;19.5
TORRES;2020;4;1.4;17.2
TORRES;2020;5;0.0;14.2
TORRES;2020;6;0.0;14.3
TORRES;2020;7;45.4;11.05
TORRES;2020;8;81.2;12.3
TORRES;2020;9;210.4;14.325
TORRES;2020;10;87.6;15.2
TORRES;2020;11;132.8;17.625
TORRES;2020;12;149.6;18.525
TORRES;2021;1;149.6;19.7
TORRES;2021;2;109.8;18.6
TORRES;2021;3;184.6;19.4
TORRES;2021;4;209.8;16.2
TORRES;2021;5;207.6;10.15
TORRES;2021;6;201.6;11.7
TORRES;2021;7;26.8;10.55
TORRES;2021;8;68.8;13.5
TORRES;2021;9;172.8;15.175
TORRES;2021;10;118.6;15.45
TORRES;2021;11;30.4;16.15
TORRES;2021;12;0.0;
TORRES;2022;1;76.4;19.35
TORRES;2022;2;54.4;19.825
TORRES;2022;3;118.6;19.55
TORRES;2022;4;0.0;16.125
TORRES;2022;5;0.0;12.45
TORRES;2022;6;0.0;9.9
TORRES;2022;7;0.0;12.8
TORRES;2022;8;0.0;12.2
TORRES;2022;9;40.6;12.55
TORRES;2022;10;116.4;15.1
TORRES;2022;11;20.4;18.5
TORRES;2022;12;111.6;17.4
TORRES;2023;1;49.2;20.1
TORRES;2023;2;120.6;19.5
TORRES;2023;3;223.2;20.9
TORRES;2023;4;65.0;17.075
TORRES;2023;5;99.6;13.1
TORRES;2023;6;184.8;13.475
TORRES;2023;7;239.6;13.35
TORRES;2023;8;71.0;12.8
TORRES;2023;9;339.4;15.575
TORRES;2023;10;306.8;14.85
TORRES;2023;11;350.6;17.425
TORRES;2023;12;85.0;19.7
TORRES;2025;10;69.3;14.3
TORRES;2025;11;121.7;16.625
TORRES;2025;12;190.2;20.45
TRAMANDAI;2015;1;168.4;25.3
TRAMANDAI;2015;2;97.2;24.575
TRAMANDAI;2015;3;57.8;23.8
TRAMANDAI;2015;4;76.6;21.85
TRAMANDAI;2015;5;223.6;19.5
TRAMANDAI;2015;6;123.8;16.425
TRAMANDAI;2015;7;318.4;16.3
TRAMANDAI;2015;8;146.0;18.9
TRAMANDAI;2015;9;268.6;17.4
TRAMANDAI;2015;10;251.2;18.4
TRAMANDAI;2015;11;102.6;20.175
TRAMANDAI;2015;12;91.6;0.0
TRAMANDAI;2016;1;97.8;23.75
TRAMANDAI;2016;2;65.8;24.1
TRAMANDAI;2016;3;335.4;23.25
TRAMANDAI;2016;4;229.0;23.925
TRAMANDAI;2016;5;49.8;15.0
TRAMANDAI;2016;6;15.6;11.6
TRAMANDAI;2016;7;134.4;13.55
TRAMANDAI;2016;8;0.8;0.0
TRAMANDAI;2016;9;0.2;0.0
TRAMANDAI;2016;10;220.0;18.7
TRAMANDAI;2016;11;113.0;20.55
TRAMANDAI;2016;12;134.4;23.15
TRAMANDAI;2017;1;137.2;25.0
TRAMANDAI;2017;2;57.0;25.575
TRAMANDAI;2017;3;157.6;23.45
TRAMANDAI;2017;4;39.4;21.35
TRAMANDAI;2017;5;219.4;19.4
TRAMANDAI;2017;6;135.6;17.2
TRAMANDAI;2017;7;18.0;17.8
TRAMANDAI;2017;8;67.2;17.7
TRAMANDAI;2017;9;232.0;19.1
TRAMANDAI;2017;10;208.4;19.9
TRAMANDAI;2017;11;178.2;20.4
TRAMANDAI;2017;12;164.2;22.1
TRAMANDAI;2018;1;3.2;0.0
TRAMANDAI;2018;2;0.0;0.0
TRAMANDAI;2018;3;0.0;23.6
TRAMANDAI;2018;4;0.0;23.65
TRAMANDAI;2018;5;0.0;19.6
TRAMANDAI;2018;6;45.0;13.375
TRAMANDAI;2018;7;243.0;14.6
TRAMANDAI;2018;8;186.0;14.3
TRAMANDAI;2018;9;134.6;17.525
TRAMANDAI;2018;10;85.8;19.7
TRAMANDAI;2018;11;76.6;21.15
TRAMANDAI;2018;12;38.8;23.35
TRAMANDAI;2019;1;41.4;25.15
TRAMANDAI;2019;2;91.2;24.7
TRAMANDAI;2019;3;174.6;23.65
TRAMANDAI;2019;4;237.4;22.4
TRAMANDAI;2019;5;273.6;20.35
TRAMANDAI;2019;6;42.6;19.0
TRAMANDAI;2019;7;117.4;13.9
TRAMANDAI;2019;8;44.2;15.35
TRAMANDAI;2019;9;22.0;16.525
TRAMANDAI;2019;10;0.0;19.55
TRAMANDAI;2019;11;0.0;20.8
TRAMANDAI;2019;12;47.2;23.0
TRAMANDAI;2020;1;89.6;20.55
TRAMANDAI;2020;2;93.4;20.2
TRAMANDAI;2020;3;78.8;21.375
TRAMANDAI;2020;4;26.0;15.825
TRAMANDAI;2020;5;108.4;13.0
TRAMANDAI;2020;6;261.2;10.6
TRAMANDAI;2020;7;235.4;9.75
TRAMANDAI;2020;8;88.8;12.2
TRAMANDAI;2020;9;224.8;12.75
TRAMANDAI;2020;10;96.2;12.75
TRAMANDAI;2020;11;31.6;14.575
TRAMANDAI;2020;12;120.4;17.7
TRAMANDAI;2021;1;106.4;19.1
TRAMANDAI;2021;2;21.6;19.2
TRAMANDAI;2021;3;0.0;19.55
TRAMANDAI;2021;4;0.0;17.1
TRAMANDAI;2021;5;0.0;10.2
TRAMANDAI;2021;6;0.0;9.85
TRAMANDAI;2021;7;0.0;9.8
TRAMANDAI;2021;8;0.0;12.45
TRAMANDAI;2021;9;0.0;13.1
TRAMANDAI;2021;10;0.0;14.6
TRAMANDAI;2021;11;0.0;13.75
TRAMANDAI;2021;12;0.0;16.9
TRAMANDAI;2022;1;0.0;20.0
TRAMANDAI;2022;2;2.2;20.15
TRAMANDAI;2022;3;190.8;17.6
TRAMANDAI;2022;4;83.6;15.35
TRAMANDAI;2022;5;167.6;12.425
TRAMANDAI;2022;6;67.0;9.55
TRAMANDAI;2022;7;0.0;
TRAMANDAI;2022;8;0.0;
TRAMANDAI;2022;9;59.4;12.575
TRAMANDAI;2022;10;101.6;14.4
TRAMANDAI;2022;11;76.2;15.375
TRAMANDAI;2022;12;65.2;17.1
TRAMANDAI;2023;1;47.6;19.75
TRAMANDAI;2023;2;26.0;19.0
TRAMANDAI;2023;3;113.4;20.3
TRAMANDAI;2023;4;58.2;16.0
TRAMANDAI;2023;5;121.4;14.95
TRAMANDAI;2023;6;142.8;13.05
TRAMANDAI;2023;7;191.2;13.1
TRAMANDAI;2023;8;0.0;13.05
TRAMANDAI;2023;9;13.0;14.6
TRAMANDAI;2023;10;121.2;13.95
TRAMANDAI;2023;11;256.8;16.275
TRAMANDAI;2023;12;70.8;18.35
TRAMANDAI;2024;1;105.2;18.55
TRAMANDAI;2024;2;41.4;20.15
TRAMANDAI;2024;3;57.2;19.6
TRAMANDAI;2024;4;216.8;17.7
TRAMANDAI;2024;5;459.4;13.75
TRAMANDAI;2024;6;153.6;13.825
TRAMANDAI;2024;7;108.8;11.8
TRAMANDAI;2024;8;35.6;12.45
TRAMANDAI;2024;9;0.0;
TRAMANDAI;2024;10;0.0;
TRAMANDAI;2024;11;0.0;
TRAMANDAI;2024;12;1.0;18.25
TRAMANDAI;2025;1;86.8;20.05
TRAMANDAI;2025;2;101.2;22.775
TRAMANDAI;2025;3;44.8;20.3
TRAMANDAI;2025;4;223.4;15.8
TRAMANDAI;2025;5;130.0;18.725
TRAMANDAI;2025;6;4.2;12.25
TRAMANDAI;2025;7;0.0;
TRAMANDAI;2025;8;1.0;14.15
TRAMANDAI;2025;9;50.1;14.8
TRAMANDAI;2025;10;119.4;15.85
TRAMANDAI;2025;11;81.7;17.075
TRAMANDAI;2025;12;114.5;20.9
URUGUAIANA;2015;1;210.6;24.05
URUGUAIANA;2015;2;143.0;24.775
URUGUAIANA;2015;3;92.4;24.1
URUGUAIANA;2015;4;28.4;20.225
URUGUAIANA;2015;5;106.4;17.25
URUGUAIANA;2015;6;55.0;15.4
URUGUAIANA;2015;7;77.0;12.95
URUGUAIANA;2015;8;167.6;17.1
URUGUAIANA;2015;9;60.0;16.675
URUGUAIANA;2015;10;317.2;18.05
URUGUAIANA;2015;11;245.8;21.375
URUGUAIANA;2015;12;361.0;22.35
URUGUAIANA;2016;1;115.2;25.85
URUGUAIANA;2016;2;92.8;25.3
URUGUAIANA;2016;3;124.2;20.5
URUGUAIANA;2016;4;118.2;0.0
URUGUAIANA;2016;5;0.0;0.0
URUGUAIANA;2016;6;0.0;0.0
URUGUAIANA;2016;7;0.0;0.0
URUGUAIANA;2016;8;84.0;14.25
URUGUAIANA;2016;9;25.4;15.2
URUGUAIANA;2016;10;239.6;19.4
URUGUAIANA;2016;11;84.8;21.75
URUGUAIANA;2016;12;79.4;24.6
URUGUAIANA;2017;1;87.0;24.45
URUGUAIANA;2017;2;177.2;24.125
URUGUAIANA;2017;3;89.6;23.35
URUGUAIANA;2017;4;281.4;19.225
URUGUAIANA;2017;5;278.2;16.7
URUGUAIANA;2017;6;50.8;13.425
URUGUAIANA;2017;7;79.2;17.0
URUGUAIANA;2017;8;146.2;14.25
URUGUAIANA;2017;9;144.8;16.675
URUGUAIANA;2017;10;84.2;19.0
URUGUAIANA;2017;11;88.8;21.1
URUGUAIANA;2017;12;70.8;25.2
URUGUAIANA;2018;1;116.2;24.7
URUGUAIANA;2018;2;53.4;24.575
URUGUAIANA;2018;3;132.2;22.55
URUGUAIANA;2018;4;89.0;22.4
URUGUAIANA;2018;5;146.0;18.3
URUGUAIANA;2018;6;47.0;9.625
URUGUAIANA;2018;7;81.8;11.0
URUGUAIANA;2018;8;61.8;10.65
URUGUAIANA;2018;9;145.4;18.3
URUGUAIANA;2018;10;49.4;19.85
URUGUAIANA;2018;11;104.6;22.35
URUGUAIANA;2018;12;112.0;23.1
URUGUAIANA;2019;1;686.2;24.9
URUGUAIANA;2019;2;57.4;23.9
URUGUAIANA;2019;3;61.4;21.5
URUGUAIANA;2019;4;162.4;19.6
URUGUAIANA;2019;5;116.6;17.05
URUGUAIANA;2019;6;15.6;15.8
URUGUAIANA;2019;7;91.0;11.2
URUGUAIANA;2019;8;36.2;12.7
URUGUAIANA;2019;9;19.4;15.15
URUGUAIANA;2019;10;219.6;19.9
URUGUAIANA;2019;11;217.2;22.75
URUGUAIANA;2019;12;83.2;24.15
URUGUAIANA;2020;1;159.4;18.5
URUGUAIANA;2020;2;105.0;16.55
URUGUAIANA;2020;3;50.0;15.45
URUGUAIANA;2020;4;36.6;11.875
URUGUAIANA;2020;5;310.6;10.2
URUGUAIANA;2020;6;103.4;12.95
URUGUAIANA;2020;7;15.6;6.9
URUGUAIANA;2020;8;24.0;12.1
URUGUAIANA;2020;9;96.8;11.3
URUGUAIANA;2020;10;32.8;13.2
URUGUAIANA;2020;11;5.4;13.925
URUGUAIANA;2020;12;88.0;16.35
URUGUAIANA;2021;1;168.2;20.0
URUGUAIANA;2021;2;62.0;17.65
URUGUAIANA;2021;3;165.0;16.9
URUGUAIANA;2021;4;42.4;15.6
URUGUAIANA;2021;5;176.0;8.55
URUGUAIANA;2021;6;120.6;10.8
URUGUAIANA;2021;7;23.8;8.7
URUGUAIANA;2021;8;26.6;11.25
URUGUAIANA;2021;9;133.8;13.55
URUGUAIANA;2021;10;82.8;11.55
URUGUAIANA;2021;11;78.8;14.125
URUGUAIANA;2021;12;31.6;15.0
URUGUAIANA;2022;1;22.8;17.75
URUGUAIANA;2022;2;83.8;14.025
URUGUAIANA;2022;3;137.0;17.0
URUGUAIANA;2022;4;141.0;14.575
URUGUAIANA;2022;5;46.4;11.2
URUGUAIANA;2022;6;35.4;8.325
URUGUAIANA;2022;7;103.6;14.7
URUGUAIANA;2022;8;100.4;10.2
URUGUAIANA;2022;9;25.2;9.35
URUGUAIANA;2022;10;91.6;11.2
URUGUAIANA;2022;11;31.8;10.575
URUGUAIANA;2022;12;39.4;15.65
URUGUAIANA;2023;1;16.8;14.7
URUGUAIANA;2023;2;30.4;16.55
URUGUAIANA;2023;3;192.4;20.1
URUGUAIANA;2023;4;16.8;14.175
URUGUAIANA;2023;5;127.0;14.0
URUGUAIANA;2023;6;43.2;13.95
URUGUAIANA;2023;7;22.6;12.45
URUGUAIANA;2023;8;14.2;11.6
URUGUAIANA;2023;9;259.2;14.35
URUGUAIANA;2023;10;173.4;13.45
URUGUAIANA;2023;11;71.6;18.25
URUGUAIANA;2023;12;266.4;20.6
URUGUAIANA;2024;1;128.4;19.3
URUGUAIANA;2024;2;73.4;20.65
URUGUAIANA;2024;3;411.2;20.6
URUGUAIANA;2024;4;266.2;18.125
URUGUAIANA;2024;5;57.0;10.25
URUGUAIANA;2024;6;15.8;16.6
URUGUAIANA;2024;7;2.6;9.55
URUGUAIANA;2024;8;145.0;11.9
URUGUAIANA;2024;9;92.6;14.4
URUGUAIANA;2024;10;100.0;15.9
URUGUAIANA;2024;11;205.6;18.45
URUGUAIANA;2024;12;90.2;15.3
URUGUAIANA;2025;1;87.4;17.45
URUGUAIANA;2025;2;40.6;20.125
URUGUAIANA;2025;3;32.4;21.7
URUGUAIANA;2025;4;61.0;14.6
URUGUAIANA;2025;5;215.0;15.65
URUGUAIANA;2025;6;171.6;8.0
URUGUAIANA;2025;7;58.0;10.3
URUGUAIANA;2025;8;3.2;7.725
URUGUAIANA;2025;9;0.0;
URUGUAIANA;2025;10;0.0;
URUGUAIANA;2025;11;0.0;
URUGUAIANA;2025;12;0.0;
VACARIA;2015;1;118.4;19.45
VACARIA;2015;2;176.2;18.35
VACARIA;2015;3;175.4;17.6
VACARIA;2015;4;123.2;15.3
VACARIA;2015;5;137.0;12.85
VACARIA;2015;6;169.8;10.7
VACARIA;2015;7;359.0;11.6
VACARIA;2015;8;50.8;15.35
VACARIA;2015;9;248.4;13.4
VACARIA;2015;10;338.6;14.55
VACARIA;2015;11;149.8;17.0
VACARIA;2015;12;277.6;19.25
VACARIA;2016;1;198.4;19.6
VACARIA;2016;2;135.2;19.95
VACARIA;2016;3;46.8;15.45
VACARIA;2016;4;0.0;0.0
VACARIA;2016;5;72.6;11.4
VACARIA;2016;6;11.4;6.975
VACARIA;2016;7;202.6;10.45
VACARIA;2016;8;130.6;10.75
VACARIA;2016;9;68.2;11.725
VACARIA;2016;10;310.8;13.3
VACARIA;2016;11;62.6;16.225
VACARIA;2016;12;183.2;18.6
VACARIA;2017;1;202.4;19.25
VACARIA;2017;2;102.0;19.7
VACARIA;2017;3;71.2;16.65
VACARIA;2017;4;160.6;14.65
VACARIA;2017;5;254.2;13.8
VACARIA;2017;6;166.4;11.575
VACARIA;2017;7;10.8;11.25
VACARIA;2017;8;100.4;11.85
VACARIA;2017;9;120.4;16.0
VACARIA;2017;10;208.4;15.0
VACARIA;2017;11;156.6;15.525
VACARIA;2017;12;161.4;18.85
VACARIA;2018;1;178.4;18.25
VACARIA;2018;2;97.6;17.4
VACARIA;2018;3;172.4;18.35
VACARIA;2018;4;48.8;17.25
VACARIA;2018;5;153.4;12.7
VACARIA;2018;6;206.0;10.475
VACARIA;2018;7;184.6;11.45
VACARIA;2018;8;156.8;9.2
VACARIA;2018;9;220.2;13.35
VACARIA;2018;10;255.8;15.2
VACARIA;2018;11;238.2;16.825
VACARIA;2018;12;102.8;18.55
VACARIA;2019;1;180.8;20.4
VACARIA;2019;2;131.8;17.725
VACARIA;2019;3;134.2;17.05
VACARIA;2019;4;121.4;16.175
VACARIA;2019;5;289.0;14.1
VACARIA;2019;6;40.6;12.675
VACARIA;2019;7;117.0;10.35
VACARIA;2019;8;66.8;9.4
VACARIA;2019;9;66.0;12.975
VACARIA;2019;10;277.4;16.35
VACARIA;2019;11;198.2;16.9
VACARIA;2019;12;98.6;18.05
VACARIA;2020;1;205.0;16.5
VACARIA;2020;2;42.8;15.0
VACARIA;2020;3;53.8;13.0
VACARIA;2020;4;8.4;9.65
VACARIA;2020;5;104.4;6.4
VACARIA;2020;6;201.6;11.15
VACARIA;2020;7;404.8;9.9
VACARIA;2020;8;74.0;7.9
VACARIA;2020;9;123.0;12.3
VACARIA;2020;10;40.6;12.15
VACARIA;2020;11;93.2;12.1
VACARIA;2020;12;175.2;15.35
VACARIA;2021;1;332.8;16.7
VACARIA;2021;2;95.0;15.05
VACARIA;2021;3;100.2;16.35
VACARIA;2021;4;0.4;11.6
VACARIA;2021;5;131.4;5.95
VACARIA;2021;6;162.0;9.1
VACARIA;2021;7;55.6;5.85
VACARIA;2021;8;63.4;10.35
VACARIA;2021;9;207.4;12.15
VACARIA;2021;10;145.0;12.2
VACARIA;2021;11;105.6;13.225
VACARIA;2021;12;72.8;13.3
VACARIA;2022;1;152.0;17.0
VACARIA;2022;2;77.6;15.375
VACARIA;2022;3;167.2;16.1
VACARIA;2022;4;177.6;13.225
VACARIA;2022;5;388.6;9.45
VACARIA;2022;6;312.2;8.525
VACARIA;2022;7;87.4;11.3
VACARIA;2022;8;140.0;8.5
VACARIA;2022;9;59.6;8.375
VACARIA;2022;10;171.6;12.0
VACARIA;2022;11;22.6;9.5
VACARIA;2022;12;142.0;14.5
VACARIA;2023;1;103.4;16.4
VACARIA;2023;2;150.0;15.175
VACARIA;2023;3;109.4;16.3
VACARIA;2023;4;152.4;12.675
VACARIA;2023;5;104.6;9.85
VACARIA;2023;6;164.6;9.375
VACARIA;2023;7;159.2;10.3
VACARIA;2023;8;56.8;10.0
VACARIA;2023;9;451.4;13.625
VACARIA;2023;10;272.2;12.5
VACARIA;2023;11;0.0;
VACARIA;2023;12;45.6;15.8
VACARIA;2024;1;218.6;15.65
VACARIA;2024;2;84.6;17.75
VACARIA;2024;3;113.2;16.05
VACARIA;2024;4;229.4;16.525
VACARIA;2024;5;480.0;12.9
VACARIA;2024;6;242.6;11.875
VACARIA;2024;7;91.8;8.45
VACARIA;2024;8;88.2;10.3
VACARIA;2024;9;128.0;12.2
VACARIA;2024;10;195.0;13.2
VACARIA;2024;11;96.6;14.9
VACARIA;2024;12;207.0;14.15
VACARIA;2025;1;123.0;15.85
VACARIA;2025;2;145.4;17.575
VACARIA;2025;3;50.4;15.75
VACARIA;2025;4;138.2;13.225
VACARIA;2025;5;98.0;11.4
VACARIA;2025;6;375.8;8.9
VACARIA;2025;7;76.0;6.35
VACARIA;2025;8;113.8;8.95
VACARIA;2025;9;223.6;10.175
VACARIA;2025;10;138.4;11.75
VACARIA;2025;11;124.8;12.875
VACARIA;2025;12;26.2;14.2
